init,condition,domain,alpha_role,step,mean,std_across_envs,n_env,n_runs
1.0,single_le,all,alpha_E,0,1.0,0.0,15,37
1.0,single_le,all,alpha_E,25000,1.3773244526651172,0.21777345680113405,15,37
1.0,single_le,all,alpha_E,50000,1.7555091367827522,0.5036571392923395,15,37
1.0,single_le,all,alpha_E,75000,2.2162854499287072,0.7570209557587189,15,37
1.0,single_le,all,alpha_E,100000,2.740418350696564,0.9783901438953924,15,37
1.0,single_le,all,alpha_E,125000,3.2899167511198257,1.225761179669574,15,37
1.0,single_le,all,alpha_E,150000,3.8402687629063923,1.4568526584009016,15,37
1.0,single_le,all,alpha_E,175000,4.376449310779572,1.6743183783458062,15,37
1.0,single_le,all,alpha_E,200000,4.8835213568475515,1.8789947790930046,15,37
1.0,single_le,all,alpha_E,225000,5.359605548116895,2.0732925365035455,15,37
1.0,single_le,all,alpha_E,250000,5.808885018030803,2.2510800590407816,15,37
1.0,single_le,all,alpha_E,275000,6.223240367571512,2.4150440770372157,15,37
1.0,single_le,all,alpha_E,300000,6.609546934233772,2.5605263637791014,15,37
1.0,single_le,all,alpha_E,325000,6.957952123218112,2.698300082117198,15,37
1.0,single_le,all,alpha_E,350000,7.272447784741719,2.81815984207143,15,37
1.0,single_le,all,alpha_E,375000,7.561837675836352,2.9262966644725714,15,37
1.0,single_le,all,alpha_E,400000,7.8245814588334826,3.0269590367680927,15,37
1.0,single_le,all,alpha_E,425000,8.060600696669685,3.114417659807474,15,37
1.0,single_le,all,alpha_E,450000,8.271649906370374,3.1932105989637085,15,37
1.0,single_le,all,alpha_E,475000,8.459365950690376,3.2655878589874106,15,37
1.0,single_le,all,alpha_E,500000,8.62969393995073,3.3284435933616106,15,37
1.0,single_le,all,alpha_E,525000,8.78314295079973,3.3856058686679686,15,37
1.0,single_le,all,alpha_E,550000,8.918081943194071,3.4371468426838327,15,37
1.0,single_le,all,alpha_E,575000,9.040422471364339,3.482497676116251,15,37
1.0,single_le,all,alpha_E,600000,9.147835389773052,3.522008410691282,15,37
1.0,single_le,all,alpha_E,625000,9.244816978772482,3.5585446430315364,15,37
1.0,single_le,all,alpha_E,650000,9.330202839109633,3.590271333919319,15,37
1.0,single_le,all,alpha_E,675000,9.40708957248264,3.6186129045247593,15,37
1.0,single_le,all,alpha_E,700000,9.477112107806736,3.644577392705017,15,37
1.0,single_le,all,alpha_E,725000,9.538743215137059,3.6675084185997333,15,37
1.0,single_le,all,alpha_E,750000,9.594131406148275,3.687822151094901,15,37
1.0,single_le,all,alpha_E,775000,9.643014171388414,3.7060666113211473,15,37
1.0,single_le,all,alpha_E,800000,9.687019737561544,3.7224215894880066,15,37
1.0,single_le,all,alpha_E,825000,9.7266825305091,3.737164754527752,15,37
1.0,single_le,all,alpha_E,850000,9.761356213357713,3.749795734281846,15,37
1.0,single_le,all,alpha_E,875000,9.792457162009345,3.7611630816523625,15,37
1.0,single_le,all,alpha_E,900000,9.82038016849094,3.7713845094900766,15,37
1.0,single_le,all,alpha_E,925000,9.845226989852057,3.780510020561422,15,37
1.0,single_le,all,alpha_E,950000,9.867433084381952,3.7885631967276265,15,37
1.0,single_le,all,alpha_E,975000,9.887140713797674,3.7959464253605715,15,37
1.0,single_le,all,alpha_E,1000000,9.904768339792888,3.8024430246544734,15,37
1.0,single_le,locomotion,alpha_E,0,1.0,0.0,9,21
1.0,single_le,locomotion,alpha_E,25000,1.4668992514963504,0.22373608744380055,9,21
1.0,single_le,locomotion,alpha_E,50000,1.9592269283753854,0.5324016211442583,9,21
1.0,single_le,locomotion,alpha_E,75000,2.4906191892094083,0.8049824759963122,9,21
1.0,single_le,locomotion,alpha_E,100000,3.0508332097971884,1.026182677244882,9,21
1.0,single_le,locomotion,alpha_E,125000,3.66766584361041,1.2651381540089504,9,21
1.0,single_le,locomotion,alpha_E,150000,4.307665520244175,1.4751471161016527,9,21
1.0,single_le,locomotion,alpha_E,175000,4.922628685280128,1.665152462222001,9,21
1.0,single_le,locomotion,alpha_E,200000,5.4974988478201405,1.8422066752717086,9,21
1.0,single_le,locomotion,alpha_E,225000,6.043135788705614,2.0049880470211074,9,21
1.0,single_le,locomotion,alpha_E,250000,6.556555977574101,2.1512131188653054,9,21
1.0,single_le,locomotion,alpha_E,275000,7.025584861084266,2.287574148848283,9,21
1.0,single_le,locomotion,alpha_E,300000,7.455624333134405,2.405525679470665,9,21
1.0,single_le,locomotion,alpha_E,325000,7.846808490929781,2.5140694571816518,9,21
1.0,single_le,locomotion,alpha_E,350000,8.198690802962693,2.610122578762123,9,21
1.0,single_le,locomotion,alpha_E,375000,8.51979653040568,2.6949505626053774,9,21
1.0,single_le,locomotion,alpha_E,400000,8.813654440420645,2.7728081264907525,9,21
1.0,single_le,locomotion,alpha_E,425000,9.076136995244909,2.841794984388307,9,21
1.0,single_le,locomotion,alpha_E,450000,9.310495747460259,2.9018949892959376,9,21
1.0,single_le,locomotion,alpha_E,475000,9.522663275400797,2.955518840671703,9,21
1.0,single_le,locomotion,alpha_E,500000,9.711766145847461,3.002187045824297,9,21
1.0,single_le,locomotion,alpha_E,525000,9.883780064406217,3.0458008334939906,9,21
1.0,single_le,locomotion,alpha_E,550000,10.036119134337815,3.084334748489665,9,21
1.0,single_le,locomotion,alpha_E,575000,10.17344336156492,3.1182472085159203,9,21
1.0,single_le,locomotion,alpha_E,600000,10.292346336223462,3.1476663003219425,9,21
1.0,single_le,locomotion,alpha_E,625000,10.401488613199305,3.1741593268729806,9,21
1.0,single_le,locomotion,alpha_E,650000,10.496818683765552,3.197508036351799,9,21
1.0,single_le,locomotion,alpha_E,675000,10.582742302506057,3.218546294118782,9,21
1.0,single_le,locomotion,alpha_E,700000,10.661092634554262,3.2377113071185946,9,21
1.0,single_le,locomotion,alpha_E,725000,10.729965536682693,3.255047187919262,9,21
1.0,single_le,locomotion,alpha_E,750000,10.792319774627686,3.2698481757675735,9,21
1.0,single_le,locomotion,alpha_E,775000,10.847239706251356,3.2834894753632655,9,21
1.0,single_le,locomotion,alpha_E,800000,10.896439711252848,3.2954741740144233,9,21
1.0,single_le,locomotion,alpha_E,825000,10.940871653733431,3.306141136254179,9,21
1.0,single_le,locomotion,alpha_E,850000,10.979328120196307,3.3159009034385543,9,21
1.0,single_le,locomotion,alpha_E,875000,11.014092286427816,3.324351277043645,9,21
1.0,single_le,locomotion,alpha_E,900000,11.045347028308445,3.3320375548167376,9,21
1.0,single_le,locomotion,alpha_E,925000,11.072935616528547,3.338918792982752,9,21
1.0,single_le,locomotion,alpha_E,950000,11.097708728578356,3.344933566877247,9,21
1.0,single_le,locomotion,alpha_E,975000,11.119968599743313,3.3501610201358134,9,21
1.0,single_le,locomotion,alpha_E,1000000,11.139695317656907,3.354958707721091,9,21
1.0,single_le,antmaze,alpha_E,0,1.0,0.0,6,16
1.0,single_le,antmaze,alpha_E,25000,1.2429622544182672,0.115705547769279,6,16
1.0,single_le,antmaze,alpha_E,50000,1.4499324493938024,0.23102063936395992,6,16
1.0,single_le,antmaze,alpha_E,75000,1.8047848410076563,0.4224753090405253,6,16
1.0,single_le,antmaze,alpha_E,100000,2.274796062045627,0.6724594119712198,6,16
1.0,single_le,antmaze,alpha_E,125000,2.7232931123839488,0.9056823049933821,6,16
1.0,single_le,antmaze,alpha_E,150000,3.1391736268997192,1.1057742385418796,6,16
1.0,single_le,antmaze,alpha_E,175000,3.557180249028736,1.315517516897252,6,16
1.0,single_le,antmaze,alpha_E,200000,3.9625551203886666,1.5239205852650999,6,16
1.0,single_le,antmaze,alpha_E,225000,4.334310187233819,1.721725381705726,6,16
1.0,single_le,antmaze,alpha_E,250000,4.687378578715854,1.9053955671510427,6,16
1.0,single_le,antmaze,alpha_E,275000,5.0197236273023815,2.0778628279676052,6,16
1.0,single_le,antmaze,alpha_E,300000,5.340430835882823,2.241981565187621,6,16
1.0,single_le,antmaze,alpha_E,325000,5.624667571650611,2.3996862962693277,6,16
1.0,single_le,antmaze,alpha_E,350000,5.883083257410262,2.5335211547178367,6,16
1.0,single_le,antmaze,alpha_E,375000,6.124899393982357,2.6594309997626375,6,16
1.0,single_le,antmaze,alpha_E,400000,6.340971986452739,2.7757899876042256,6,16
1.0,single_le,antmaze,alpha_E,425000,6.537296248806848,2.875390042741218,6,16
1.0,single_le,antmaze,alpha_E,450000,6.713381144735549,2.9686681313633807,6,16
1.0,single_le,antmaze,alpha_E,475000,6.864419963624742,3.052501962784883,6,16
1.0,single_le,antmaze,alpha_E,500000,7.006585631105636,3.128234378670936,6,16
1.0,single_le,antmaze,alpha_E,525000,7.132187280389997,3.193384718366761,6,16
1.0,single_le,antmaze,alpha_E,550000,7.241026156478458,3.2523434522494976,6,16
1.0,single_le,antmaze,alpha_E,575000,7.34089113606347,3.3045824871147946,6,16
1.0,single_le,antmaze,alpha_E,600000,7.431068970097436,3.3522393270221085,6,16
1.0,single_le,antmaze,alpha_E,625000,7.509809527132247,3.395303231006097,6,16
1.0,single_le,antmaze,alpha_E,650000,7.5802790721257525,3.432974246968229,6,16
1.0,single_le,antmaze,alpha_E,675000,7.64361047744751,3.4661564419196336,6,16
1.0,single_le,antmaze,alpha_E,700000,7.701141317685445,3.496628674485722,6,16
1.0,single_le,antmaze,alpha_E,725000,7.7519097328186035,3.5231033032428942,6,16
1.0,single_le,antmaze,alpha_E,750000,7.796848853429158,3.546619839024504,6,16
1.0,single_le,antmaze,alpha_E,775000,7.836675869094001,3.567530356714818,6,16
1.0,single_le,antmaze,alpha_E,800000,7.872889777024587,3.5868814664634434,6,16
1.0,single_le,antmaze,alpha_E,825000,7.905398845672607,3.6043987134995326,6,16
1.0,single_le,antmaze,alpha_E,850000,7.934398353099823,3.618931271525994,6,16
1.0,single_le,antmaze,alpha_E,875000,7.96000447538164,3.63213859628741,6,16
1.0,single_le,antmaze,alpha_E,900000,7.982929878764683,3.6438444145296276,6,16
1.0,single_le,antmaze,alpha_E,925000,8.003664049837324,3.654560877814693,6,16
1.0,single_le,antmaze,alpha_E,950000,8.022019618087343,3.6639103136032993,6,16
1.0,single_le,antmaze,alpha_E,975000,8.037898884879217,3.672623399273826,6,16
1.0,single_le,antmaze,alpha_E,1000000,8.052377872996859,3.6802028600509167,6,16
1.0,main_dual,all,alpha_E,0,,,0,0
1.0,main_dual,all,alpha_E,25000,,,0,0
1.0,main_dual,all,alpha_E,50000,,,0,0
1.0,main_dual,all,alpha_E,75000,,,0,0
1.0,main_dual,all,alpha_E,100000,,,0,0
1.0,main_dual,all,alpha_E,125000,,,0,0
1.0,main_dual,all,alpha_E,150000,,,0,0
1.0,main_dual,all,alpha_E,175000,,,0,0
1.0,main_dual,all,alpha_E,200000,,,0,0
1.0,main_dual,all,alpha_E,225000,,,0,0
1.0,main_dual,all,alpha_E,250000,,,0,0
1.0,main_dual,all,alpha_E,275000,,,0,0
1.0,main_dual,all,alpha_E,300000,,,0,0
1.0,main_dual,all,alpha_E,325000,,,0,0
1.0,main_dual,all,alpha_E,350000,,,0,0
1.0,main_dual,all,alpha_E,375000,,,0,0
1.0,main_dual,all,alpha_E,400000,,,0,0
1.0,main_dual,all,alpha_E,425000,,,0,0
1.0,main_dual,all,alpha_E,450000,,,0,0
1.0,main_dual,all,alpha_E,475000,,,0,0
1.0,main_dual,all,alpha_E,500000,,,0,0
1.0,main_dual,all,alpha_E,525000,,,0,0
1.0,main_dual,all,alpha_E,550000,,,0,0
1.0,main_dual,all,alpha_E,575000,,,0,0
1.0,main_dual,all,alpha_E,600000,,,0,0
1.0,main_dual,all,alpha_E,625000,,,0,0
1.0,main_dual,all,alpha_E,650000,,,0,0
1.0,main_dual,all,alpha_E,675000,,,0,0
1.0,main_dual,all,alpha_E,700000,,,0,0
1.0,main_dual,all,alpha_E,725000,,,0,0
1.0,main_dual,all,alpha_E,750000,,,0,0
1.0,main_dual,all,alpha_E,775000,,,0,0
1.0,main_dual,all,alpha_E,800000,,,0,0
1.0,main_dual,all,alpha_E,825000,,,0,0
1.0,main_dual,all,alpha_E,850000,,,0,0
1.0,main_dual,all,alpha_E,875000,,,0,0
1.0,main_dual,all,alpha_E,900000,,,0,0
1.0,main_dual,all,alpha_E,925000,,,0,0
1.0,main_dual,all,alpha_E,950000,,,0,0
1.0,main_dual,all,alpha_E,975000,,,0,0
1.0,main_dual,all,alpha_E,1000000,,,0,0
1.0,main_dual,all,alpha_B,0,,,0,0
1.0,main_dual,all,alpha_B,25000,,,0,0
1.0,main_dual,all,alpha_B,50000,,,0,0
1.0,main_dual,all,alpha_B,75000,,,0,0
1.0,main_dual,all,alpha_B,100000,,,0,0
1.0,main_dual,all,alpha_B,125000,,,0,0
1.0,main_dual,all,alpha_B,150000,,,0,0
1.0,main_dual,all,alpha_B,175000,,,0,0
1.0,main_dual,all,alpha_B,200000,,,0,0
1.0,main_dual,all,alpha_B,225000,,,0,0
1.0,main_dual,all,alpha_B,250000,,,0,0
1.0,main_dual,all,alpha_B,275000,,,0,0
1.0,main_dual,all,alpha_B,300000,,,0,0
1.0,main_dual,all,alpha_B,325000,,,0,0
1.0,main_dual,all,alpha_B,350000,,,0,0
1.0,main_dual,all,alpha_B,375000,,,0,0
1.0,main_dual,all,alpha_B,400000,,,0,0
1.0,main_dual,all,alpha_B,425000,,,0,0
1.0,main_dual,all,alpha_B,450000,,,0,0
1.0,main_dual,all,alpha_B,475000,,,0,0
1.0,main_dual,all,alpha_B,500000,,,0,0
1.0,main_dual,all,alpha_B,525000,,,0,0
1.0,main_dual,all,alpha_B,550000,,,0,0
1.0,main_dual,all,alpha_B,575000,,,0,0
1.0,main_dual,all,alpha_B,600000,,,0,0
1.0,main_dual,all,alpha_B,625000,,,0,0
1.0,main_dual,all,alpha_B,650000,,,0,0
1.0,main_dual,all,alpha_B,675000,,,0,0
1.0,main_dual,all,alpha_B,700000,,,0,0
1.0,main_dual,all,alpha_B,725000,,,0,0
1.0,main_dual,all,alpha_B,750000,,,0,0
1.0,main_dual,all,alpha_B,775000,,,0,0
1.0,main_dual,all,alpha_B,800000,,,0,0
1.0,main_dual,all,alpha_B,825000,,,0,0
1.0,main_dual,all,alpha_B,850000,,,0,0
1.0,main_dual,all,alpha_B,875000,,,0,0
1.0,main_dual,all,alpha_B,900000,,,0,0
1.0,main_dual,all,alpha_B,925000,,,0,0
1.0,main_dual,all,alpha_B,950000,,,0,0
1.0,main_dual,all,alpha_B,975000,,,0,0
1.0,main_dual,all,alpha_B,1000000,,,0,0
1.0,main_dual,locomotion,alpha_E,0,,,0,0
1.0,main_dual,locomotion,alpha_E,25000,,,0,0
1.0,main_dual,locomotion,alpha_E,50000,,,0,0
1.0,main_dual,locomotion,alpha_E,75000,,,0,0
1.0,main_dual,locomotion,alpha_E,100000,,,0,0
1.0,main_dual,locomotion,alpha_E,125000,,,0,0
1.0,main_dual,locomotion,alpha_E,150000,,,0,0
1.0,main_dual,locomotion,alpha_E,175000,,,0,0
1.0,main_dual,locomotion,alpha_E,200000,,,0,0
1.0,main_dual,locomotion,alpha_E,225000,,,0,0
1.0,main_dual,locomotion,alpha_E,250000,,,0,0
1.0,main_dual,locomotion,alpha_E,275000,,,0,0
1.0,main_dual,locomotion,alpha_E,300000,,,0,0
1.0,main_dual,locomotion,alpha_E,325000,,,0,0
1.0,main_dual,locomotion,alpha_E,350000,,,0,0
1.0,main_dual,locomotion,alpha_E,375000,,,0,0
1.0,main_dual,locomotion,alpha_E,400000,,,0,0
1.0,main_dual,locomotion,alpha_E,425000,,,0,0
1.0,main_dual,locomotion,alpha_E,450000,,,0,0
1.0,main_dual,locomotion,alpha_E,475000,,,0,0
1.0,main_dual,locomotion,alpha_E,500000,,,0,0
1.0,main_dual,locomotion,alpha_E,525000,,,0,0
1.0,main_dual,locomotion,alpha_E,550000,,,0,0
1.0,main_dual,locomotion,alpha_E,575000,,,0,0
1.0,main_dual,locomotion,alpha_E,600000,,,0,0
1.0,main_dual,locomotion,alpha_E,625000,,,0,0
1.0,main_dual,locomotion,alpha_E,650000,,,0,0
1.0,main_dual,locomotion,alpha_E,675000,,,0,0
1.0,main_dual,locomotion,alpha_E,700000,,,0,0
1.0,main_dual,locomotion,alpha_E,725000,,,0,0
1.0,main_dual,locomotion,alpha_E,750000,,,0,0
1.0,main_dual,locomotion,alpha_E,775000,,,0,0
1.0,main_dual,locomotion,alpha_E,800000,,,0,0
1.0,main_dual,locomotion,alpha_E,825000,,,0,0
1.0,main_dual,locomotion,alpha_E,850000,,,0,0
1.0,main_dual,locomotion,alpha_E,875000,,,0,0
1.0,main_dual,locomotion,alpha_E,900000,,,0,0
1.0,main_dual,locomotion,alpha_E,925000,,,0,0
1.0,main_dual,locomotion,alpha_E,950000,,,0,0
1.0,main_dual,locomotion,alpha_E,975000,,,0,0
1.0,main_dual,locomotion,alpha_E,1000000,,,0,0
1.0,main_dual,locomotion,alpha_B,0,,,0,0
1.0,main_dual,locomotion,alpha_B,25000,,,0,0
1.0,main_dual,locomotion,alpha_B,50000,,,0,0
1.0,main_dual,locomotion,alpha_B,75000,,,0,0
1.0,main_dual,locomotion,alpha_B,100000,,,0,0
1.0,main_dual,locomotion,alpha_B,125000,,,0,0
1.0,main_dual,locomotion,alpha_B,150000,,,0,0
1.0,main_dual,locomotion,alpha_B,175000,,,0,0
1.0,main_dual,locomotion,alpha_B,200000,,,0,0
1.0,main_dual,locomotion,alpha_B,225000,,,0,0
1.0,main_dual,locomotion,alpha_B,250000,,,0,0
1.0,main_dual,locomotion,alpha_B,275000,,,0,0
1.0,main_dual,locomotion,alpha_B,300000,,,0,0
1.0,main_dual,locomotion,alpha_B,325000,,,0,0
1.0,main_dual,locomotion,alpha_B,350000,,,0,0
1.0,main_dual,locomotion,alpha_B,375000,,,0,0
1.0,main_dual,locomotion,alpha_B,400000,,,0,0
1.0,main_dual,locomotion,alpha_B,425000,,,0,0
1.0,main_dual,locomotion,alpha_B,450000,,,0,0
1.0,main_dual,locomotion,alpha_B,475000,,,0,0
1.0,main_dual,locomotion,alpha_B,500000,,,0,0
1.0,main_dual,locomotion,alpha_B,525000,,,0,0
1.0,main_dual,locomotion,alpha_B,550000,,,0,0
1.0,main_dual,locomotion,alpha_B,575000,,,0,0
1.0,main_dual,locomotion,alpha_B,600000,,,0,0
1.0,main_dual,locomotion,alpha_B,625000,,,0,0
1.0,main_dual,locomotion,alpha_B,650000,,,0,0
1.0,main_dual,locomotion,alpha_B,675000,,,0,0
1.0,main_dual,locomotion,alpha_B,700000,,,0,0
1.0,main_dual,locomotion,alpha_B,725000,,,0,0
1.0,main_dual,locomotion,alpha_B,750000,,,0,0
1.0,main_dual,locomotion,alpha_B,775000,,,0,0
1.0,main_dual,locomotion,alpha_B,800000,,,0,0
1.0,main_dual,locomotion,alpha_B,825000,,,0,0
1.0,main_dual,locomotion,alpha_B,850000,,,0,0
1.0,main_dual,locomotion,alpha_B,875000,,,0,0
1.0,main_dual,locomotion,alpha_B,900000,,,0,0
1.0,main_dual,locomotion,alpha_B,925000,,,0,0
1.0,main_dual,locomotion,alpha_B,950000,,,0,0
1.0,main_dual,locomotion,alpha_B,975000,,,0,0
1.0,main_dual,locomotion,alpha_B,1000000,,,0,0
1.0,main_dual,antmaze,alpha_E,0,,,0,0
1.0,main_dual,antmaze,alpha_E,25000,,,0,0
1.0,main_dual,antmaze,alpha_E,50000,,,0,0
1.0,main_dual,antmaze,alpha_E,75000,,,0,0
1.0,main_dual,antmaze,alpha_E,100000,,,0,0
1.0,main_dual,antmaze,alpha_E,125000,,,0,0
1.0,main_dual,antmaze,alpha_E,150000,,,0,0
1.0,main_dual,antmaze,alpha_E,175000,,,0,0
1.0,main_dual,antmaze,alpha_E,200000,,,0,0
1.0,main_dual,antmaze,alpha_E,225000,,,0,0
1.0,main_dual,antmaze,alpha_E,250000,,,0,0
1.0,main_dual,antmaze,alpha_E,275000,,,0,0
1.0,main_dual,antmaze,alpha_E,300000,,,0,0
1.0,main_dual,antmaze,alpha_E,325000,,,0,0
1.0,main_dual,antmaze,alpha_E,350000,,,0,0
1.0,main_dual,antmaze,alpha_E,375000,,,0,0
1.0,main_dual,antmaze,alpha_E,400000,,,0,0
1.0,main_dual,antmaze,alpha_E,425000,,,0,0
1.0,main_dual,antmaze,alpha_E,450000,,,0,0
1.0,main_dual,antmaze,alpha_E,475000,,,0,0
1.0,main_dual,antmaze,alpha_E,500000,,,0,0
1.0,main_dual,antmaze,alpha_E,525000,,,0,0
1.0,main_dual,antmaze,alpha_E,550000,,,0,0
1.0,main_dual,antmaze,alpha_E,575000,,,0,0
1.0,main_dual,antmaze,alpha_E,600000,,,0,0
1.0,main_dual,antmaze,alpha_E,625000,,,0,0
1.0,main_dual,antmaze,alpha_E,650000,,,0,0
1.0,main_dual,antmaze,alpha_E,675000,,,0,0
1.0,main_dual,antmaze,alpha_E,700000,,,0,0
1.0,main_dual,antmaze,alpha_E,725000,,,0,0
1.0,main_dual,antmaze,alpha_E,750000,,,0,0
1.0,main_dual,antmaze,alpha_E,775000,,,0,0
1.0,main_dual,antmaze,alpha_E,800000,,,0,0
1.0,main_dual,antmaze,alpha_E,825000,,,0,0
1.0,main_dual,antmaze,alpha_E,850000,,,0,0
1.0,main_dual,antmaze,alpha_E,875000,,,0,0
1.0,main_dual,antmaze,alpha_E,900000,,,0,0
1.0,main_dual,antmaze,alpha_E,925000,,,0,0
1.0,main_dual,antmaze,alpha_E,950000,,,0,0
1.0,main_dual,antmaze,alpha_E,975000,,,0,0
1.0,main_dual,antmaze,alpha_E,1000000,,,0,0
1.0,main_dual,antmaze,alpha_B,0,,,0,0
1.0,main_dual,antmaze,alpha_B,25000,,,0,0
1.0,main_dual,antmaze,alpha_B,50000,,,0,0
1.0,main_dual,antmaze,alpha_B,75000,,,0,0
1.0,main_dual,antmaze,alpha_B,100000,,,0,0
1.0,main_dual,antmaze,alpha_B,125000,,,0,0
1.0,main_dual,antmaze,alpha_B,150000,,,0,0
1.0,main_dual,antmaze,alpha_B,175000,,,0,0
1.0,main_dual,antmaze,alpha_B,200000,,,0,0
1.0,main_dual,antmaze,alpha_B,225000,,,0,0
1.0,main_dual,antmaze,alpha_B,250000,,,0,0
1.0,main_dual,antmaze,alpha_B,275000,,,0,0
1.0,main_dual,antmaze,alpha_B,300000,,,0,0
1.0,main_dual,antmaze,alpha_B,325000,,,0,0
1.0,main_dual,antmaze,alpha_B,350000,,,0,0
1.0,main_dual,antmaze,alpha_B,375000,,,0,0
1.0,main_dual,antmaze,alpha_B,400000,,,0,0
1.0,main_dual,antmaze,alpha_B,425000,,,0,0
1.0,main_dual,antmaze,alpha_B,450000,,,0,0
1.0,main_dual,antmaze,alpha_B,475000,,,0,0
1.0,main_dual,antmaze,alpha_B,500000,,,0,0
1.0,main_dual,antmaze,alpha_B,525000,,,0,0
1.0,main_dual,antmaze,alpha_B,550000,,,0,0
1.0,main_dual,antmaze,alpha_B,575000,,,0,0
1.0,main_dual,antmaze,alpha_B,600000,,,0,0
1.0,main_dual,antmaze,alpha_B,625000,,,0,0
1.0,main_dual,antmaze,alpha_B,650000,,,0,0
1.0,main_dual,antmaze,alpha_B,675000,,,0,0
1.0,main_dual,antmaze,alpha_B,700000,,,0,0
1.0,main_dual,antmaze,alpha_B,725000,,,0,0
1.0,main_dual,antmaze,alpha_B,750000,,,0,0
1.0,main_dual,antmaze,alpha_B,775000,,,0,0
1.0,main_dual,antmaze,alpha_B,800000,,,0,0
1.0,main_dual,antmaze,alpha_B,825000,,,0,0
1.0,main_dual,antmaze,alpha_B,850000,,,0,0
1.0,main_dual,antmaze,alpha_B,875000,,,0,0
1.0,main_dual,antmaze,alpha_B,900000,,,0,0
1.0,main_dual,antmaze,alpha_B,925000,,,0,0
1.0,main_dual,antmaze,alpha_B,950000,,,0,0
1.0,main_dual,antmaze,alpha_B,975000,,,0,0
1.0,main_dual,antmaze,alpha_B,1000000,,,0,0
1.0,dual_le_fixed_b,all,alpha_E,0,5.0,0.0,15,60
1.0,dual_le_fixed_b,all,alpha_E,25000,6.040594760576884,0.7120552394491283,15,60
1.0,dual_le_fixed_b,all,alpha_E,50000,6.881411735216776,1.3002438364799778,15,60
1.0,dual_le_fixed_b,all,alpha_E,75000,7.590237975120544,1.7699967933735834,15,60
1.0,dual_le_fixed_b,all,alpha_E,100000,8.26054056485494,2.1913933893859765,15,60
1.0,dual_le_fixed_b,all,alpha_E,125000,8.92875051498413,2.601985849136586,15,60
1.0,dual_le_fixed_b,all,alpha_E,150000,9.581268541018169,2.995953867791254,15,60
1.0,dual_le_fixed_b,all,alpha_E,175000,10.195522038141887,3.3617707181875116,15,60
1.0,dual_le_fixed_b,all,alpha_E,200000,10.7569748878479,3.6984260595442207,15,60
1.0,dual_le_fixed_b,all,alpha_E,225000,11.270056811968486,4.011039862907257,15,60
1.0,dual_le_fixed_b,all,alpha_E,250000,11.739643828074138,4.2982967575294495,15,60
1.0,dual_le_fixed_b,all,alpha_E,275000,12.162491742769877,4.560990873449149,15,60
1.0,dual_le_fixed_b,all,alpha_E,300000,12.540965978304545,4.794778303760843,15,60
1.0,dual_le_fixed_b,all,alpha_E,325000,12.880371610323587,5.008500697916818,15,60
1.0,dual_le_fixed_b,all,alpha_E,350000,13.186329325040182,5.201882491480816,15,60
1.0,dual_le_fixed_b,all,alpha_E,375000,13.4592453400294,5.373000267773387,15,60
1.0,dual_le_fixed_b,all,alpha_E,400000,13.704116519292196,5.527669594351071,15,60
1.0,dual_le_fixed_b,all,alpha_E,425000,13.92227795124054,5.664968700904884,15,60
1.0,dual_le_fixed_b,all,alpha_E,450000,14.116419879595439,5.78772450088086,15,60
1.0,dual_le_fixed_b,all,alpha_E,475000,14.28960485458374,5.897591169976569,15,60
1.0,dual_le_fixed_b,all,alpha_E,500000,14.444920245806376,5.995787458875537,15,60
1.0,dual_le_fixed_b,all,alpha_E,525000,14.583055178324381,6.083405777679438,15,60
1.0,dual_le_fixed_b,all,alpha_E,550000,14.706416010856628,6.1617008776539395,15,60
1.0,dual_le_fixed_b,all,alpha_E,575000,14.816354894638062,6.231606555335819,15,60
1.0,dual_le_fixed_b,all,alpha_E,600000,14.914741126696269,6.294401643989514,15,60
1.0,dual_le_fixed_b,all,alpha_E,625000,15.002334936459858,6.350471061993847,15,60
1.0,dual_le_fixed_b,all,alpha_E,650000,15.080627218882244,6.400388748282773,15,60
1.0,dual_le_fixed_b,all,alpha_E,675000,15.150267124176025,6.4447933620471805,15,60
1.0,dual_le_fixed_b,all,alpha_E,700000,15.212156089146932,6.484363162739674,15,60
1.0,dual_le_fixed_b,all,alpha_E,725000,15.267630513509115,6.519802079089622,15,60
1.0,dual_le_fixed_b,all,alpha_E,750000,15.316786861419677,6.551228716836726,15,60
1.0,dual_le_fixed_b,all,alpha_E,775000,15.36091533501943,6.579460773496016,15,60
1.0,dual_le_fixed_b,all,alpha_E,800000,15.40021002292633,6.604562552366963,15,60
1.0,dual_le_fixed_b,all,alpha_E,825000,15.435318915049235,6.627076990415439,15,60
1.0,dual_le_fixed_b,all,alpha_E,850000,15.466447265942891,6.647043705417866,15,60
1.0,dual_le_fixed_b,all,alpha_E,875000,15.494066794713339,6.664696356966233,15,60
1.0,dual_le_fixed_b,all,alpha_E,900000,15.518693860371908,6.680552126591349,15,60
1.0,dual_le_fixed_b,all,alpha_E,925000,15.54075657526652,6.694625177061134,15,60
1.0,dual_le_fixed_b,all,alpha_E,950000,15.560458858807882,6.7072545592981685,15,60
1.0,dual_le_fixed_b,all,alpha_E,975000,15.577938270568847,6.718404937197099,15,60
1.0,dual_le_fixed_b,all,alpha_E,1000000,15.593535002072652,6.728377351060199,15,60
1.0,dual_le_fixed_b,all,alpha_B,0,1.0,0.0,15,60
1.0,dual_le_fixed_b,all,alpha_B,25000,1.0,0.0,15,60
1.0,dual_le_fixed_b,all,alpha_B,50000,1.0,0.0,15,60
1.0,dual_le_fixed_b,all,alpha_B,75000,1.0,0.0,15,60
1.0,dual_le_fixed_b,all,alpha_B,100000,1.0,0.0,15,60
1.0,dual_le_fixed_b,all,alpha_B,125000,1.0,0.0,15,60
1.0,dual_le_fixed_b,all,alpha_B,150000,1.0,0.0,15,60
1.0,dual_le_fixed_b,all,alpha_B,175000,1.0,0.0,15,60
1.0,dual_le_fixed_b,all,alpha_B,200000,1.0,0.0,15,60
1.0,dual_le_fixed_b,all,alpha_B,225000,1.0,0.0,15,60
1.0,dual_le_fixed_b,all,alpha_B,250000,1.0,0.0,15,60
1.0,dual_le_fixed_b,all,alpha_B,275000,1.0,0.0,15,60
1.0,dual_le_fixed_b,all,alpha_B,300000,1.0,0.0,15,60
1.0,dual_le_fixed_b,all,alpha_B,325000,1.0,0.0,15,60
1.0,dual_le_fixed_b,all,alpha_B,350000,1.0,0.0,15,60
1.0,dual_le_fixed_b,all,alpha_B,375000,1.0,0.0,15,60
1.0,dual_le_fixed_b,all,alpha_B,400000,1.0,0.0,15,60
1.0,dual_le_fixed_b,all,alpha_B,425000,1.0,0.0,15,60
1.0,dual_le_fixed_b,all,alpha_B,450000,1.0,0.0,15,60
1.0,dual_le_fixed_b,all,alpha_B,475000,1.0,0.0,15,60
1.0,dual_le_fixed_b,all,alpha_B,500000,1.0,0.0,15,60
1.0,dual_le_fixed_b,all,alpha_B,525000,1.0,0.0,15,60
1.0,dual_le_fixed_b,all,alpha_B,550000,1.0,0.0,15,60
1.0,dual_le_fixed_b,all,alpha_B,575000,1.0,0.0,15,60
1.0,dual_le_fixed_b,all,alpha_B,600000,1.0,0.0,15,60
1.0,dual_le_fixed_b,all,alpha_B,625000,1.0,0.0,15,60
1.0,dual_le_fixed_b,all,alpha_B,650000,1.0,0.0,15,60
1.0,dual_le_fixed_b,all,alpha_B,675000,1.0,0.0,15,60
1.0,dual_le_fixed_b,all,alpha_B,700000,1.0,0.0,15,60
1.0,dual_le_fixed_b,all,alpha_B,725000,1.0,0.0,15,60
1.0,dual_le_fixed_b,all,alpha_B,750000,1.0,0.0,15,60
1.0,dual_le_fixed_b,all,alpha_B,775000,1.0,0.0,15,60
1.0,dual_le_fixed_b,all,alpha_B,800000,1.0,0.0,15,60
1.0,dual_le_fixed_b,all,alpha_B,825000,1.0,0.0,15,60
1.0,dual_le_fixed_b,all,alpha_B,850000,1.0,0.0,15,60
1.0,dual_le_fixed_b,all,alpha_B,875000,1.0,0.0,15,60
1.0,dual_le_fixed_b,all,alpha_B,900000,1.0,0.0,15,60
1.0,dual_le_fixed_b,all,alpha_B,925000,1.0,0.0,15,60
1.0,dual_le_fixed_b,all,alpha_B,950000,1.0,0.0,15,60
1.0,dual_le_fixed_b,all,alpha_B,975000,1.0,0.0,15,60
1.0,dual_le_fixed_b,all,alpha_B,1000000,1.0,0.0,15,60
1.0,dual_le_fixed_b,locomotion,alpha_E,0,5.0,0.0,9,36
1.0,dual_le_fixed_b,locomotion,alpha_E,25000,6.568256616592407,0.3848339321339702,9,36
1.0,dual_le_fixed_b,locomotion,alpha_E,50000,7.8164137204488116,0.7928829249809862,9,36
1.0,dual_le_fixed_b,locomotion,alpha_E,75000,8.873450769318474,1.047317595809215,9,36
1.0,dual_le_fixed_b,locomotion,alpha_E,100000,9.878423002031115,1.2024860850334276,9,36
1.0,dual_le_fixed_b,locomotion,alpha_E,125000,10.884044461780125,1.3064179968131442,9,36
1.0,dual_le_fixed_b,locomotion,alpha_E,150000,11.872063928180271,1.3482055722555766,9,36
1.0,dual_le_fixed_b,locomotion,alpha_E,175000,12.801471392313639,1.353917750833243,9,36
1.0,dual_le_fixed_b,locomotion,alpha_E,200000,13.652909517288208,1.343144932263078,9,36
1.0,dual_le_fixed_b,locomotion,alpha_E,225000,14.432096110449898,1.3375317417939083,9,36
1.0,dual_le_fixed_b,locomotion,alpha_E,250000,15.145497216118706,1.3273957530847695,9,36
1.0,dual_le_fixed_b,locomotion,alpha_E,275000,15.790025817023384,1.3193473200340735,9,36
1.0,dual_le_fixed_b,locomotion,alpha_E,300000,16.365159776475693,1.311709833136105,9,36
1.0,dual_le_fixed_b,locomotion,alpha_E,325000,16.882941669887966,1.31185318013026,9,36
1.0,dual_le_fixed_b,locomotion,alpha_E,350000,17.350163009431625,1.3108200771213188,9,36
1.0,dual_le_fixed_b,locomotion,alpha_E,375000,17.765750063790215,1.3082498469682347,9,36
1.0,dual_le_fixed_b,locomotion,alpha_E,400000,18.13935947418213,1.3064442239226903,9,36
1.0,dual_le_fixed_b,locomotion,alpha_E,425000,18.471459706624348,1.3066872121181168,9,36
1.0,dual_le_fixed_b,locomotion,alpha_E,450000,18.767460187276203,1.3063029728846989,9,36
1.0,dual_le_fixed_b,locomotion,alpha_E,475000,19.031801064809162,1.3056097080719187,9,36
1.0,dual_le_fixed_b,locomotion,alpha_E,500000,19.26864438586765,1.303977541686328,9,36
1.0,dual_le_fixed_b,locomotion,alpha_E,525000,19.479335731930203,1.3038947923112478,9,36
1.0,dual_le_fixed_b,locomotion,alpha_E,550000,19.66759157180786,1.3030894603508556,9,36
1.0,dual_le_fixed_b,locomotion,alpha_E,575000,19.835306538475884,1.3037212263293505,9,36
1.0,dual_le_fixed_b,locomotion,alpha_E,600000,19.985597345564102,1.3040692550858275,9,36
1.0,dual_le_fixed_b,locomotion,alpha_E,625000,20.11956532796224,1.3040191450939351,9,36
1.0,dual_le_fixed_b,locomotion,alpha_E,650000,20.23906570010715,1.3046354397821782,9,36
1.0,dual_le_fixed_b,locomotion,alpha_E,675000,20.34538009431627,1.3049365419747447,9,36
1.0,dual_le_fixed_b,locomotion,alpha_E,700000,20.43991608089871,1.3054889067787372,9,36
1.0,dual_le_fixed_b,locomotion,alpha_E,725000,20.524651262495254,1.3057500723875726,9,36
1.0,dual_le_fixed_b,locomotion,alpha_E,750000,20.599785963694256,1.3056507029853552,9,36
1.0,dual_le_fixed_b,locomotion,alpha_E,775000,20.66722763909234,1.3057425287407498,9,36
1.0,dual_le_fixed_b,locomotion,alpha_E,800000,20.72723584704929,1.3059895741319856,9,36
1.0,dual_le_fixed_b,locomotion,alpha_E,825000,20.78091197543674,1.3063035047575413,9,36
1.0,dual_le_fixed_b,locomotion,alpha_E,850000,20.82850954267714,1.3065472755538556,9,36
1.0,dual_le_fixed_b,locomotion,alpha_E,875000,20.870670371585422,1.3069536209270118,9,36
1.0,dual_le_fixed_b,locomotion,alpha_E,900000,20.908376746707493,1.3071200418823896,9,36
1.0,dual_le_fixed_b,locomotion,alpha_E,925000,20.94206910663181,1.3070319028315047,9,36
1.0,dual_le_fixed_b,locomotion,alpha_E,950000,20.97217739952935,1.307283063271535,9,36
1.0,dual_le_fixed_b,locomotion,alpha_E,975000,20.998858610788982,1.3073446240603552,9,36
1.0,dual_le_fixed_b,locomotion,alpha_E,1000000,21.0226714875963,1.3075315310660753,9,36
1.0,dual_le_fixed_b,locomotion,alpha_B,0,1.0,0.0,9,36
1.0,dual_le_fixed_b,locomotion,alpha_B,25000,1.0,0.0,9,36
1.0,dual_le_fixed_b,locomotion,alpha_B,50000,1.0,0.0,9,36
1.0,dual_le_fixed_b,locomotion,alpha_B,75000,1.0,0.0,9,36
1.0,dual_le_fixed_b,locomotion,alpha_B,100000,1.0,0.0,9,36
1.0,dual_le_fixed_b,locomotion,alpha_B,125000,1.0,0.0,9,36
1.0,dual_le_fixed_b,locomotion,alpha_B,150000,1.0,0.0,9,36
1.0,dual_le_fixed_b,locomotion,alpha_B,175000,1.0,0.0,9,36
1.0,dual_le_fixed_b,locomotion,alpha_B,200000,1.0,0.0,9,36
1.0,dual_le_fixed_b,locomotion,alpha_B,225000,1.0,0.0,9,36
1.0,dual_le_fixed_b,locomotion,alpha_B,250000,1.0,0.0,9,36
1.0,dual_le_fixed_b,locomotion,alpha_B,275000,1.0,0.0,9,36
1.0,dual_le_fixed_b,locomotion,alpha_B,300000,1.0,0.0,9,36
1.0,dual_le_fixed_b,locomotion,alpha_B,325000,1.0,0.0,9,36
1.0,dual_le_fixed_b,locomotion,alpha_B,350000,1.0,0.0,9,36
1.0,dual_le_fixed_b,locomotion,alpha_B,375000,1.0,0.0,9,36
1.0,dual_le_fixed_b,locomotion,alpha_B,400000,1.0,0.0,9,36
1.0,dual_le_fixed_b,locomotion,alpha_B,425000,1.0,0.0,9,36
1.0,dual_le_fixed_b,locomotion,alpha_B,450000,1.0,0.0,9,36
1.0,dual_le_fixed_b,locomotion,alpha_B,475000,1.0,0.0,9,36
1.0,dual_le_fixed_b,locomotion,alpha_B,500000,1.0,0.0,9,36
1.0,dual_le_fixed_b,locomotion,alpha_B,525000,1.0,0.0,9,36
1.0,dual_le_fixed_b,locomotion,alpha_B,550000,1.0,0.0,9,36
1.0,dual_le_fixed_b,locomotion,alpha_B,575000,1.0,0.0,9,36
1.0,dual_le_fixed_b,locomotion,alpha_B,600000,1.0,0.0,9,36
1.0,dual_le_fixed_b,locomotion,alpha_B,625000,1.0,0.0,9,36
1.0,dual_le_fixed_b,locomotion,alpha_B,650000,1.0,0.0,9,36
1.0,dual_le_fixed_b,locomotion,alpha_B,675000,1.0,0.0,9,36
1.0,dual_le_fixed_b,locomotion,alpha_B,700000,1.0,0.0,9,36
1.0,dual_le_fixed_b,locomotion,alpha_B,725000,1.0,0.0,9,36
1.0,dual_le_fixed_b,locomotion,alpha_B,750000,1.0,0.0,9,36
1.0,dual_le_fixed_b,locomotion,alpha_B,775000,1.0,0.0,9,36
1.0,dual_le_fixed_b,locomotion,alpha_B,800000,1.0,0.0,9,36
1.0,dual_le_fixed_b,locomotion,alpha_B,825000,1.0,0.0,9,36
1.0,dual_le_fixed_b,locomotion,alpha_B,850000,1.0,0.0,9,36
1.0,dual_le_fixed_b,locomotion,alpha_B,875000,1.0,0.0,9,36
1.0,dual_le_fixed_b,locomotion,alpha_B,900000,1.0,0.0,9,36
1.0,dual_le_fixed_b,locomotion,alpha_B,925000,1.0,0.0,9,36
1.0,dual_le_fixed_b,locomotion,alpha_B,950000,1.0,0.0,9,36
1.0,dual_le_fixed_b,locomotion,alpha_B,975000,1.0,0.0,9,36
1.0,dual_le_fixed_b,locomotion,alpha_B,1000000,1.0,0.0,9,36
1.0,dual_le_fixed_b,antmaze,alpha_E,0,5.0,0.0,6,24
1.0,dual_le_fixed_b,antmaze,alpha_E,25000,5.249101976553599,0.036187684138369355,6,24
1.0,dual_le_fixed_b,antmaze,alpha_E,50000,5.478908757368724,0.07233543541304531,6,24
1.0,dual_le_fixed_b,antmaze,alpha_E,75000,5.665418783823649,0.10967620375361217,6,24
1.0,dual_le_fixed_b,antmaze,alpha_E,100000,5.833716909090678,0.1441001859859001,6,24
1.0,dual_le_fixed_b,antmaze,alpha_E,125000,5.995809594790141,0.16979356659705358,6,24
1.0,dual_le_fixed_b,antmaze,alpha_E,150000,6.145075460275014,0.18391139260546185,6,24
1.0,dual_le_fixed_b,antmaze,alpha_E,175000,6.286598006884257,0.1948611126411945,6,24
1.0,dual_le_fixed_b,antmaze,alpha_E,200000,6.413072943687439,0.2017192695929202,6,24
1.0,dual_le_fixed_b,antmaze,alpha_E,225000,6.526997864246368,0.20801020369261433,6,24
1.0,dual_le_fixed_b,antmaze,alpha_E,250000,6.630863746007283,0.21454238113765256,6,24
1.0,dual_le_fixed_b,antmaze,alpha_E,275000,6.721190631389618,0.22207063826860282,6,24
1.0,dual_le_fixed_b,antmaze,alpha_E,300000,6.804675281047821,0.22837502847353777,6,24
1.0,dual_le_fixed_b,antmaze,alpha_E,325000,6.87651652097702,0.23266584794903558,6,24
1.0,dual_le_fixed_b,antmaze,alpha_E,350000,6.940578798453013,0.2364606918432807,6,24
1.0,dual_le_fixed_b,antmaze,alpha_E,375000,6.999488254388173,0.24107507428236552,6,24
1.0,dual_le_fixed_b,antmaze,alpha_E,400000,7.051252086957295,0.2448628944408205,6,24
1.0,dual_le_fixed_b,antmaze,alpha_E,425000,7.098505318164825,0.24914621594950492,6,24
1.0,dual_le_fixed_b,antmaze,alpha_E,450000,7.13985941807429,0.25315266347290244,6,24
1.0,dual_le_fixed_b,antmaze,alpha_E,475000,7.1763105392456055,0.2558038207497332,6,24
1.0,dual_le_fixed_b,antmaze,alpha_E,500000,7.209334035714467,0.25875145101516817,6,24
1.0,dual_le_fixed_b,antmaze,alpha_E,525000,7.238634347915649,0.2617058884795164,6,24
1.0,dual_le_fixed_b,antmaze,alpha_E,550000,7.264652669429779,0.26380864658482345,6,24
1.0,dual_le_fixed_b,antmaze,alpha_E,575000,7.287927428881328,0.2659578638701599,6,24
1.0,dual_le_fixed_b,antmaze,alpha_E,600000,7.308456798394521,0.26814125930180666,6,24
1.0,dual_le_fixed_b,antmaze,alpha_E,625000,7.326489349206288,0.26987418913699884,6,24
1.0,dual_le_fixed_b,antmaze,alpha_E,650000,7.342969497044881,0.27157229162065993,6,24
1.0,dual_le_fixed_b,antmaze,alpha_E,675000,7.357597668965657,0.27316521355992596,6,24
1.0,dual_le_fixed_b,antmaze,alpha_E,700000,7.370516101519267,0.274650040146841,6,24
1.0,dual_le_fixed_b,antmaze,alpha_E,725000,7.382099390029907,0.27581001917583287,6,24
1.0,dual_le_fixed_b,antmaze,alpha_E,750000,7.3922882080078125,0.2767858984463534,6,24
1.0,dual_le_fixed_b,antmaze,alpha_E,775000,7.401446878910065,0.27794125558327115,6,24
1.0,dual_le_fixed_b,antmaze,alpha_E,800000,7.409671286741893,0.2787250041430344,6,24
1.0,dual_le_fixed_b,antmaze,alpha_E,825000,7.416929324467977,0.27948335403950586,6,24
1.0,dual_le_fixed_b,antmaze,alpha_E,850000,7.423353850841522,0.2801015994968834,6,24
1.0,dual_le_fixed_b,antmaze,alpha_E,875000,7.429161429405212,0.28063248188647777,6,24
1.0,dual_le_fixed_b,antmaze,alpha_E,900000,7.43416953086853,0.28114325032709897,6,24
1.0,dual_le_fixed_b,antmaze,alpha_E,925000,7.438787778218587,0.28169678780411483,6,24
1.0,dual_le_fixed_b,antmaze,alpha_E,950000,7.4428810477256775,0.28206370172947415,6,24
1.0,dual_le_fixed_b,antmaze,alpha_E,975000,7.4465577602386475,0.28243989626157456,6,24
1.0,dual_le_fixed_b,antmaze,alpha_E,1000000,7.449830273787181,0.28281658258736964,6,24
1.0,dual_le_fixed_b,antmaze,alpha_B,0,1.0,0.0,6,24
1.0,dual_le_fixed_b,antmaze,alpha_B,25000,1.0,0.0,6,24
1.0,dual_le_fixed_b,antmaze,alpha_B,50000,1.0,0.0,6,24
1.0,dual_le_fixed_b,antmaze,alpha_B,75000,1.0,0.0,6,24
1.0,dual_le_fixed_b,antmaze,alpha_B,100000,1.0,0.0,6,24
1.0,dual_le_fixed_b,antmaze,alpha_B,125000,1.0,0.0,6,24
1.0,dual_le_fixed_b,antmaze,alpha_B,150000,1.0,0.0,6,24
1.0,dual_le_fixed_b,antmaze,alpha_B,175000,1.0,0.0,6,24
1.0,dual_le_fixed_b,antmaze,alpha_B,200000,1.0,0.0,6,24
1.0,dual_le_fixed_b,antmaze,alpha_B,225000,1.0,0.0,6,24
1.0,dual_le_fixed_b,antmaze,alpha_B,250000,1.0,0.0,6,24
1.0,dual_le_fixed_b,antmaze,alpha_B,275000,1.0,0.0,6,24
1.0,dual_le_fixed_b,antmaze,alpha_B,300000,1.0,0.0,6,24
1.0,dual_le_fixed_b,antmaze,alpha_B,325000,1.0,0.0,6,24
1.0,dual_le_fixed_b,antmaze,alpha_B,350000,1.0,0.0,6,24
1.0,dual_le_fixed_b,antmaze,alpha_B,375000,1.0,0.0,6,24
1.0,dual_le_fixed_b,antmaze,alpha_B,400000,1.0,0.0,6,24
1.0,dual_le_fixed_b,antmaze,alpha_B,425000,1.0,0.0,6,24
1.0,dual_le_fixed_b,antmaze,alpha_B,450000,1.0,0.0,6,24
1.0,dual_le_fixed_b,antmaze,alpha_B,475000,1.0,0.0,6,24
1.0,dual_le_fixed_b,antmaze,alpha_B,500000,1.0,0.0,6,24
1.0,dual_le_fixed_b,antmaze,alpha_B,525000,1.0,0.0,6,24
1.0,dual_le_fixed_b,antmaze,alpha_B,550000,1.0,0.0,6,24
1.0,dual_le_fixed_b,antmaze,alpha_B,575000,1.0,0.0,6,24
1.0,dual_le_fixed_b,antmaze,alpha_B,600000,1.0,0.0,6,24
1.0,dual_le_fixed_b,antmaze,alpha_B,625000,1.0,0.0,6,24
1.0,dual_le_fixed_b,antmaze,alpha_B,650000,1.0,0.0,6,24
1.0,dual_le_fixed_b,antmaze,alpha_B,675000,1.0,0.0,6,24
1.0,dual_le_fixed_b,antmaze,alpha_B,700000,1.0,0.0,6,24
1.0,dual_le_fixed_b,antmaze,alpha_B,725000,1.0,0.0,6,24
1.0,dual_le_fixed_b,antmaze,alpha_B,750000,1.0,0.0,6,24
1.0,dual_le_fixed_b,antmaze,alpha_B,775000,1.0,0.0,6,24
1.0,dual_le_fixed_b,antmaze,alpha_B,800000,1.0,0.0,6,24
1.0,dual_le_fixed_b,antmaze,alpha_B,825000,1.0,0.0,6,24
1.0,dual_le_fixed_b,antmaze,alpha_B,850000,1.0,0.0,6,24
1.0,dual_le_fixed_b,antmaze,alpha_B,875000,1.0,0.0,6,24
1.0,dual_le_fixed_b,antmaze,alpha_B,900000,1.0,0.0,6,24
1.0,dual_le_fixed_b,antmaze,alpha_B,925000,1.0,0.0,6,24
1.0,dual_le_fixed_b,antmaze,alpha_B,950000,1.0,0.0,6,24
1.0,dual_le_fixed_b,antmaze,alpha_B,975000,1.0,0.0,6,24
1.0,dual_le_fixed_b,antmaze,alpha_B,1000000,1.0,0.0,6,24
5.0,single_le,all,alpha_E,0,5.0,0.0,15,60
5.0,single_le,all,alpha_E,25000,5.669075783093771,0.4726854509805232,15,60
5.0,single_le,all,alpha_E,50000,6.240791765848796,0.9510973286629295,15,60
5.0,single_le,all,alpha_E,75000,6.767110164960226,1.3256734810923696,15,60
5.0,single_le,all,alpha_E,100000,7.286306420962016,1.6687412323884117,15,60
5.0,single_le,all,alpha_E,125000,7.812685982386271,2.0243401846533273,15,60
5.0,single_le,all,alpha_E,150000,8.334785215059917,2.3834156315849677,15,60
5.0,single_le,all,alpha_E,175000,8.829862268765767,2.7251484527956498,15,60
5.0,single_le,all,alpha_E,200000,9.289067713419596,3.0489174070058938,15,60
5.0,single_le,all,alpha_E,225000,9.70090716679891,3.338988087693066,15,60
5.0,single_le,all,alpha_E,250000,10.078405896822611,3.6104653033113547,15,60
5.0,single_le,all,alpha_E,275000,10.419244845708212,3.856668192350448,15,60
5.0,single_le,all,alpha_E,300000,10.724526842435202,4.076008869171942,15,60
5.0,single_le,all,alpha_E,325000,10.999347869555155,4.27341206378845,15,60
5.0,single_le,all,alpha_E,350000,11.244975884755453,4.454646296526975,15,60
5.0,single_le,all,alpha_E,375000,11.466533374786376,4.614928898635867,15,60
5.0,single_le,all,alpha_E,400000,11.665195099512736,4.760779434261607,15,60
5.0,single_le,all,alpha_E,425000,11.842649825414021,4.891122921155119,15,60
5.0,single_le,all,alpha_E,450000,12.000489687919616,5.008276975106725,15,60
5.0,single_le,all,alpha_E,475000,12.140996400515238,5.111953834437985,15,60
5.0,single_le,all,alpha_E,500000,12.266557327906291,5.203407309254835,15,60
5.0,single_le,all,alpha_E,525000,12.378427855173747,5.28570775749426,15,60
5.0,single_le,all,alpha_E,550000,12.480793070793151,5.360955465771964,15,60
5.0,single_le,all,alpha_E,575000,12.57022172609965,5.426707703240422,15,60
5.0,single_le,all,alpha_E,600000,12.649272052447001,5.485100957317327,15,60
5.0,single_le,all,alpha_E,625000,12.720264546076457,5.538130868108178,15,60
5.0,single_le,all,alpha_E,650000,12.78402403195699,5.585424268113455,15,60
5.0,single_le,all,alpha_E,675000,12.84080828030904,5.627552044926663,15,60
5.0,single_le,all,alpha_E,700000,12.891850288709005,5.665433461344744,15,60
5.0,single_le,all,alpha_E,725000,12.937214128176372,5.699220315446222,15,60
5.0,single_le,all,alpha_E,750000,12.977477629979452,5.7289799444791525,15,60
5.0,single_le,all,alpha_E,775000,13.013627250989279,5.7558570845408985,15,60
5.0,single_le,all,alpha_E,800000,13.04570562839508,5.779704455686098,15,60
5.0,single_le,all,alpha_E,825000,13.074487010637919,5.801263000156561,15,60
5.0,single_le,all,alpha_E,850000,13.099882793426513,5.820265169725606,15,60
5.0,single_le,all,alpha_E,875000,13.122682388623556,5.837161269784487,15,60
5.0,single_le,all,alpha_E,900000,13.142966024080913,5.852372875623488,15,60
5.0,single_le,all,alpha_E,925000,13.160978452364605,5.865815143178348,15,60
5.0,single_le,all,alpha_E,950000,13.177168027559917,5.877954838657515,15,60
5.0,single_le,all,alpha_E,975000,13.191647370656332,5.888801895774645,15,60
5.0,single_le,all,alpha_E,1000000,13.204417355855306,5.898345730753306,15,60
5.0,single_le,locomotion,alpha_E,0,5.0,0.0,9,36
5.0,single_le,locomotion,alpha_E,25000,5.675069332122803,0.44405417762450383,9,36
5.0,single_le,locomotion,alpha_E,50000,6.163974603017171,0.8463187815034358,9,36
5.0,single_le,locomotion,alpha_E,75000,6.600336538420783,1.1246371598548792,9,36
5.0,single_le,locomotion,alpha_E,100000,7.062984969880846,1.3754055515845156,9,36
5.0,single_le,locomotion,alpha_E,125000,7.552865783373515,1.6747367787805008,9,36
5.0,single_le,locomotion,alpha_E,150000,8.071217642890083,2.007910082730505,9,36
5.0,single_le,locomotion,alpha_E,175000,8.575511601236132,2.3443269815628054,9,36
5.0,single_le,locomotion,alpha_E,200000,9.041716814041138,2.664363431884465,9,36
5.0,single_le,locomotion,alpha_E,225000,9.471424248483446,2.967351823352049,9,36
5.0,single_le,locomotion,alpha_E,250000,9.859886076715258,3.240681290259433,9,36
5.0,single_le,locomotion,alpha_E,275000,10.215494937366909,3.4938032817178923,9,36
5.0,single_le,locomotion,alpha_E,300000,10.532140493392944,3.717845783689033,9,36
5.0,single_le,locomotion,alpha_E,325000,10.818659093644884,3.922157822809472,9,36
5.0,single_le,locomotion,alpha_E,350000,11.070886784129673,4.101900853752311,9,36
5.0,single_le,locomotion,alpha_E,375000,11.299252973662483,4.263145757942492,9,36
5.0,single_le,locomotion,alpha_E,400000,11.502985901302761,4.409459008925731,9,36
5.0,single_le,locomotion,alpha_E,425000,11.686473184161716,4.54026741141965,9,36
5.0,single_le,locomotion,alpha_E,450000,11.848686814308167,4.656715358326998,9,36
5.0,single_le,locomotion,alpha_E,475000,11.993216607305738,4.760697479210418,9,36
5.0,single_le,locomotion,alpha_E,500000,12.123416291342842,4.854411908264946,9,36
5.0,single_le,locomotion,alpha_E,525000,12.239800850550333,4.938112249892516,9,36
5.0,single_le,locomotion,alpha_E,550000,12.346193459298876,5.014709576693339,9,36
5.0,single_le,locomotion,alpha_E,575000,12.438497609562344,5.080848395503077,9,36
5.0,single_le,locomotion,alpha_E,600000,12.520304322242737,5.1410301038889195,9,36
5.0,single_le,locomotion,alpha_E,625000,12.594286137157017,5.194623283127376,9,36
5.0,single_le,locomotion,alpha_E,650000,12.659828106562296,5.242183608527664,9,36
5.0,single_le,locomotion,alpha_E,675000,12.718423088391622,5.284737250059074,9,36
5.0,single_le,locomotion,alpha_E,700000,12.771160973442925,5.323227208791705,9,36
5.0,single_le,locomotion,alpha_E,725000,12.818169421619839,5.357527191965835,9,36
5.0,single_le,locomotion,alpha_E,750000,12.860023882653978,5.387765966175007,9,36
5.0,single_le,locomotion,alpha_E,775000,12.897747993469238,5.415271859446269,9,36
5.0,single_le,locomotion,alpha_E,800000,12.930812901920742,5.439440242282915,9,36
5.0,single_le,locomotion,alpha_E,825000,12.960492014884949,5.461204774015055,9,36
5.0,single_le,locomotion,alpha_E,850000,12.986782828966776,5.480434297701027,9,36
5.0,single_le,locomotion,alpha_E,875000,13.010516113705105,5.497731555198384,9,36
5.0,single_le,locomotion,alpha_E,900000,13.031542632314894,5.51330984411581,9,36
5.0,single_le,locomotion,alpha_E,925000,13.050215429729885,5.527088999631793,9,36
5.0,single_le,locomotion,alpha_E,950000,13.066894994841682,5.53942660260107,9,36
5.0,single_le,locomotion,alpha_E,975000,13.08184211783939,5.550448790730399,9,36
5.0,single_le,locomotion,alpha_E,1000000,13.095026387108696,5.560125119158456,9,36
5.0,single_le,antmaze,alpha_E,0,5.0,0.0,6,24
5.0,single_le,antmaze,alpha_E,25000,5.6600854595502215,0.5125114243220605,6,24
5.0,single_le,antmaze,alpha_E,50000,6.356017510096232,1.0793302621026544,6,24
5.0,single_le,antmaze,alpha_E,75000,7.017270604769389,1.5466130494664911,6,24
5.0,single_le,antmaze,alpha_E,100000,7.621288597583771,1.9842154218393178,6,24
5.0,single_le,antmaze,alpha_E,125000,8.202416280905405,2.405123392135876,6,24
5.0,single_le,antmaze,alpha_E,150000,8.730136573314667,2.809558032429579,6,24
5.0,single_le,antmaze,alpha_E,175000,9.21138827006022,3.1748509015288193,6,24
5.0,single_le,antmaze,alpha_E,200000,9.660094062487284,3.515972182523152,6,24
5.0,single_le,antmaze,alpha_E,225000,10.045131544272104,3.803531822177871,6,24
5.0,single_le,antmaze,alpha_E,250000,10.406185626983643,4.081244970509306,6,24
5.0,single_le,antmaze,alpha_E,275000,10.724869708220163,4.326552231673163,6,24
5.0,single_le,antmaze,alpha_E,300000,11.013106365998587,4.5455756450214935,6,24
5.0,single_le,antmaze,alpha_E,325000,11.270381033420563,4.738956853598534,6,24
5.0,single_le,antmaze,alpha_E,350000,11.506109535694122,4.9252052587476225,6,24
5.0,single_le,antmaze,alpha_E,375000,11.71745397647222,5.086980339181183,6,24
5.0,single_le,antmaze,alpha_E,400000,11.908508896827698,5.234394863514456,6,24
5.0,single_le,antmaze,alpha_E,425000,12.07691478729248,5.366115870585568,6,24
5.0,single_le,antmaze,alpha_E,450000,12.228193998336792,5.485725415485631,6,24
5.0,single_le,antmaze,alpha_E,475000,12.362666090329489,5.590341986714093,6,24
5.0,single_le,antmaze,alpha_E,500000,12.481268882751465,5.680124251814668,6,24
5.0,single_le,antmaze,alpha_E,525000,12.586368362108866,5.76170737986918,6,24
5.0,single_le,antmaze,alpha_E,550000,12.682692488034567,5.836154692886565,6,24
5.0,single_le,antmaze,alpha_E,575000,12.76780790090561,5.902143123739233,6,24
5.0,single_le,antmaze,alpha_E,600000,12.842723647753397,5.958873463448677,6,24
5.0,single_le,antmaze,alpha_E,625000,12.909232159455618,6.01178447735288,6,24
5.0,single_le,antmaze,alpha_E,650000,12.970317920049032,6.059194237209699,6,24
5.0,single_le,antmaze,alpha_E,675000,13.024386068185171,6.101189665602133,6,24
5.0,single_le,antmaze,alpha_E,700000,13.072884261608124,6.138655937752864,6,24
5.0,single_le,antmaze,alpha_E,725000,13.11578118801117,6.172113935509505,6,24
5.0,single_le,antmaze,alpha_E,750000,13.153658250967661,6.201553205919251,6,24
5.0,single_le,antmaze,alpha_E,775000,13.187446137269339,6.227890330430556,6,24
5.0,single_le,antmaze,alpha_E,800000,13.218044718106588,6.251535210962703,6,24
5.0,single_le,antmaze,alpha_E,825000,13.245479504267374,6.273018722705505,6,24
5.0,single_le,antmaze,alpha_E,850000,13.26953274011612,6.291900187568378,6,24
5.0,single_le,antmaze,alpha_E,875000,13.29093180100123,6.308436499603925,6,24
5.0,single_le,antmaze,alpha_E,900000,13.31010111172994,6.323308915166567,6,24
5.0,single_le,antmaze,alpha_E,925000,13.327122986316681,6.336433724354572,6,24
5.0,single_le,antmaze,alpha_E,950000,13.342577576637268,6.348418035486738,6,24
5.0,single_le,antmaze,alpha_E,975000,13.356355249881744,6.35912983635486,6,24
5.0,single_le,antmaze,alpha_E,1000000,13.36850380897522,6.368582648245343,6,24
5.0,main_dual,all,alpha_E,0,,,0,0
5.0,main_dual,all,alpha_E,25000,,,0,0
5.0,main_dual,all,alpha_E,50000,,,0,0
5.0,main_dual,all,alpha_E,75000,,,0,0
5.0,main_dual,all,alpha_E,100000,,,0,0
5.0,main_dual,all,alpha_E,125000,,,0,0
5.0,main_dual,all,alpha_E,150000,,,0,0
5.0,main_dual,all,alpha_E,175000,,,0,0
5.0,main_dual,all,alpha_E,200000,,,0,0
5.0,main_dual,all,alpha_E,225000,,,0,0
5.0,main_dual,all,alpha_E,250000,,,0,0
5.0,main_dual,all,alpha_E,275000,,,0,0
5.0,main_dual,all,alpha_E,300000,,,0,0
5.0,main_dual,all,alpha_E,325000,,,0,0
5.0,main_dual,all,alpha_E,350000,,,0,0
5.0,main_dual,all,alpha_E,375000,,,0,0
5.0,main_dual,all,alpha_E,400000,,,0,0
5.0,main_dual,all,alpha_E,425000,,,0,0
5.0,main_dual,all,alpha_E,450000,,,0,0
5.0,main_dual,all,alpha_E,475000,,,0,0
5.0,main_dual,all,alpha_E,500000,,,0,0
5.0,main_dual,all,alpha_E,525000,,,0,0
5.0,main_dual,all,alpha_E,550000,,,0,0
5.0,main_dual,all,alpha_E,575000,,,0,0
5.0,main_dual,all,alpha_E,600000,,,0,0
5.0,main_dual,all,alpha_E,625000,,,0,0
5.0,main_dual,all,alpha_E,650000,,,0,0
5.0,main_dual,all,alpha_E,675000,,,0,0
5.0,main_dual,all,alpha_E,700000,,,0,0
5.0,main_dual,all,alpha_E,725000,,,0,0
5.0,main_dual,all,alpha_E,750000,,,0,0
5.0,main_dual,all,alpha_E,775000,,,0,0
5.0,main_dual,all,alpha_E,800000,,,0,0
5.0,main_dual,all,alpha_E,825000,,,0,0
5.0,main_dual,all,alpha_E,850000,,,0,0
5.0,main_dual,all,alpha_E,875000,,,0,0
5.0,main_dual,all,alpha_E,900000,,,0,0
5.0,main_dual,all,alpha_E,925000,,,0,0
5.0,main_dual,all,alpha_E,950000,,,0,0
5.0,main_dual,all,alpha_E,975000,,,0,0
5.0,main_dual,all,alpha_E,1000000,,,0,0
5.0,main_dual,all,alpha_B,0,,,0,0
5.0,main_dual,all,alpha_B,25000,,,0,0
5.0,main_dual,all,alpha_B,50000,,,0,0
5.0,main_dual,all,alpha_B,75000,,,0,0
5.0,main_dual,all,alpha_B,100000,,,0,0
5.0,main_dual,all,alpha_B,125000,,,0,0
5.0,main_dual,all,alpha_B,150000,,,0,0
5.0,main_dual,all,alpha_B,175000,,,0,0
5.0,main_dual,all,alpha_B,200000,,,0,0
5.0,main_dual,all,alpha_B,225000,,,0,0
5.0,main_dual,all,alpha_B,250000,,,0,0
5.0,main_dual,all,alpha_B,275000,,,0,0
5.0,main_dual,all,alpha_B,300000,,,0,0
5.0,main_dual,all,alpha_B,325000,,,0,0
5.0,main_dual,all,alpha_B,350000,,,0,0
5.0,main_dual,all,alpha_B,375000,,,0,0
5.0,main_dual,all,alpha_B,400000,,,0,0
5.0,main_dual,all,alpha_B,425000,,,0,0
5.0,main_dual,all,alpha_B,450000,,,0,0
5.0,main_dual,all,alpha_B,475000,,,0,0
5.0,main_dual,all,alpha_B,500000,,,0,0
5.0,main_dual,all,alpha_B,525000,,,0,0
5.0,main_dual,all,alpha_B,550000,,,0,0
5.0,main_dual,all,alpha_B,575000,,,0,0
5.0,main_dual,all,alpha_B,600000,,,0,0
5.0,main_dual,all,alpha_B,625000,,,0,0
5.0,main_dual,all,alpha_B,650000,,,0,0
5.0,main_dual,all,alpha_B,675000,,,0,0
5.0,main_dual,all,alpha_B,700000,,,0,0
5.0,main_dual,all,alpha_B,725000,,,0,0
5.0,main_dual,all,alpha_B,750000,,,0,0
5.0,main_dual,all,alpha_B,775000,,,0,0
5.0,main_dual,all,alpha_B,800000,,,0,0
5.0,main_dual,all,alpha_B,825000,,,0,0
5.0,main_dual,all,alpha_B,850000,,,0,0
5.0,main_dual,all,alpha_B,875000,,,0,0
5.0,main_dual,all,alpha_B,900000,,,0,0
5.0,main_dual,all,alpha_B,925000,,,0,0
5.0,main_dual,all,alpha_B,950000,,,0,0
5.0,main_dual,all,alpha_B,975000,,,0,0
5.0,main_dual,all,alpha_B,1000000,,,0,0
5.0,main_dual,locomotion,alpha_E,0,,,0,0
5.0,main_dual,locomotion,alpha_E,25000,,,0,0
5.0,main_dual,locomotion,alpha_E,50000,,,0,0
5.0,main_dual,locomotion,alpha_E,75000,,,0,0
5.0,main_dual,locomotion,alpha_E,100000,,,0,0
5.0,main_dual,locomotion,alpha_E,125000,,,0,0
5.0,main_dual,locomotion,alpha_E,150000,,,0,0
5.0,main_dual,locomotion,alpha_E,175000,,,0,0
5.0,main_dual,locomotion,alpha_E,200000,,,0,0
5.0,main_dual,locomotion,alpha_E,225000,,,0,0
5.0,main_dual,locomotion,alpha_E,250000,,,0,0
5.0,main_dual,locomotion,alpha_E,275000,,,0,0
5.0,main_dual,locomotion,alpha_E,300000,,,0,0
5.0,main_dual,locomotion,alpha_E,325000,,,0,0
5.0,main_dual,locomotion,alpha_E,350000,,,0,0
5.0,main_dual,locomotion,alpha_E,375000,,,0,0
5.0,main_dual,locomotion,alpha_E,400000,,,0,0
5.0,main_dual,locomotion,alpha_E,425000,,,0,0
5.0,main_dual,locomotion,alpha_E,450000,,,0,0
5.0,main_dual,locomotion,alpha_E,475000,,,0,0
5.0,main_dual,locomotion,alpha_E,500000,,,0,0
5.0,main_dual,locomotion,alpha_E,525000,,,0,0
5.0,main_dual,locomotion,alpha_E,550000,,,0,0
5.0,main_dual,locomotion,alpha_E,575000,,,0,0
5.0,main_dual,locomotion,alpha_E,600000,,,0,0
5.0,main_dual,locomotion,alpha_E,625000,,,0,0
5.0,main_dual,locomotion,alpha_E,650000,,,0,0
5.0,main_dual,locomotion,alpha_E,675000,,,0,0
5.0,main_dual,locomotion,alpha_E,700000,,,0,0
5.0,main_dual,locomotion,alpha_E,725000,,,0,0
5.0,main_dual,locomotion,alpha_E,750000,,,0,0
5.0,main_dual,locomotion,alpha_E,775000,,,0,0
5.0,main_dual,locomotion,alpha_E,800000,,,0,0
5.0,main_dual,locomotion,alpha_E,825000,,,0,0
5.0,main_dual,locomotion,alpha_E,850000,,,0,0
5.0,main_dual,locomotion,alpha_E,875000,,,0,0
5.0,main_dual,locomotion,alpha_E,900000,,,0,0
5.0,main_dual,locomotion,alpha_E,925000,,,0,0
5.0,main_dual,locomotion,alpha_E,950000,,,0,0
5.0,main_dual,locomotion,alpha_E,975000,,,0,0
5.0,main_dual,locomotion,alpha_E,1000000,,,0,0
5.0,main_dual,locomotion,alpha_B,0,,,0,0
5.0,main_dual,locomotion,alpha_B,25000,,,0,0
5.0,main_dual,locomotion,alpha_B,50000,,,0,0
5.0,main_dual,locomotion,alpha_B,75000,,,0,0
5.0,main_dual,locomotion,alpha_B,100000,,,0,0
5.0,main_dual,locomotion,alpha_B,125000,,,0,0
5.0,main_dual,locomotion,alpha_B,150000,,,0,0
5.0,main_dual,locomotion,alpha_B,175000,,,0,0
5.0,main_dual,locomotion,alpha_B,200000,,,0,0
5.0,main_dual,locomotion,alpha_B,225000,,,0,0
5.0,main_dual,locomotion,alpha_B,250000,,,0,0
5.0,main_dual,locomotion,alpha_B,275000,,,0,0
5.0,main_dual,locomotion,alpha_B,300000,,,0,0
5.0,main_dual,locomotion,alpha_B,325000,,,0,0
5.0,main_dual,locomotion,alpha_B,350000,,,0,0
5.0,main_dual,locomotion,alpha_B,375000,,,0,0
5.0,main_dual,locomotion,alpha_B,400000,,,0,0
5.0,main_dual,locomotion,alpha_B,425000,,,0,0
5.0,main_dual,locomotion,alpha_B,450000,,,0,0
5.0,main_dual,locomotion,alpha_B,475000,,,0,0
5.0,main_dual,locomotion,alpha_B,500000,,,0,0
5.0,main_dual,locomotion,alpha_B,525000,,,0,0
5.0,main_dual,locomotion,alpha_B,550000,,,0,0
5.0,main_dual,locomotion,alpha_B,575000,,,0,0
5.0,main_dual,locomotion,alpha_B,600000,,,0,0
5.0,main_dual,locomotion,alpha_B,625000,,,0,0
5.0,main_dual,locomotion,alpha_B,650000,,,0,0
5.0,main_dual,locomotion,alpha_B,675000,,,0,0
5.0,main_dual,locomotion,alpha_B,700000,,,0,0
5.0,main_dual,locomotion,alpha_B,725000,,,0,0
5.0,main_dual,locomotion,alpha_B,750000,,,0,0
5.0,main_dual,locomotion,alpha_B,775000,,,0,0
5.0,main_dual,locomotion,alpha_B,800000,,,0,0
5.0,main_dual,locomotion,alpha_B,825000,,,0,0
5.0,main_dual,locomotion,alpha_B,850000,,,0,0
5.0,main_dual,locomotion,alpha_B,875000,,,0,0
5.0,main_dual,locomotion,alpha_B,900000,,,0,0
5.0,main_dual,locomotion,alpha_B,925000,,,0,0
5.0,main_dual,locomotion,alpha_B,950000,,,0,0
5.0,main_dual,locomotion,alpha_B,975000,,,0,0
5.0,main_dual,locomotion,alpha_B,1000000,,,0,0
5.0,main_dual,antmaze,alpha_E,0,,,0,0
5.0,main_dual,antmaze,alpha_E,25000,,,0,0
5.0,main_dual,antmaze,alpha_E,50000,,,0,0
5.0,main_dual,antmaze,alpha_E,75000,,,0,0
5.0,main_dual,antmaze,alpha_E,100000,,,0,0
5.0,main_dual,antmaze,alpha_E,125000,,,0,0
5.0,main_dual,antmaze,alpha_E,150000,,,0,0
5.0,main_dual,antmaze,alpha_E,175000,,,0,0
5.0,main_dual,antmaze,alpha_E,200000,,,0,0
5.0,main_dual,antmaze,alpha_E,225000,,,0,0
5.0,main_dual,antmaze,alpha_E,250000,,,0,0
5.0,main_dual,antmaze,alpha_E,275000,,,0,0
5.0,main_dual,antmaze,alpha_E,300000,,,0,0
5.0,main_dual,antmaze,alpha_E,325000,,,0,0
5.0,main_dual,antmaze,alpha_E,350000,,,0,0
5.0,main_dual,antmaze,alpha_E,375000,,,0,0
5.0,main_dual,antmaze,alpha_E,400000,,,0,0
5.0,main_dual,antmaze,alpha_E,425000,,,0,0
5.0,main_dual,antmaze,alpha_E,450000,,,0,0
5.0,main_dual,antmaze,alpha_E,475000,,,0,0
5.0,main_dual,antmaze,alpha_E,500000,,,0,0
5.0,main_dual,antmaze,alpha_E,525000,,,0,0
5.0,main_dual,antmaze,alpha_E,550000,,,0,0
5.0,main_dual,antmaze,alpha_E,575000,,,0,0
5.0,main_dual,antmaze,alpha_E,600000,,,0,0
5.0,main_dual,antmaze,alpha_E,625000,,,0,0
5.0,main_dual,antmaze,alpha_E,650000,,,0,0
5.0,main_dual,antmaze,alpha_E,675000,,,0,0
5.0,main_dual,antmaze,alpha_E,700000,,,0,0
5.0,main_dual,antmaze,alpha_E,725000,,,0,0
5.0,main_dual,antmaze,alpha_E,750000,,,0,0
5.0,main_dual,antmaze,alpha_E,775000,,,0,0
5.0,main_dual,antmaze,alpha_E,800000,,,0,0
5.0,main_dual,antmaze,alpha_E,825000,,,0,0
5.0,main_dual,antmaze,alpha_E,850000,,,0,0
5.0,main_dual,antmaze,alpha_E,875000,,,0,0
5.0,main_dual,antmaze,alpha_E,900000,,,0,0
5.0,main_dual,antmaze,alpha_E,925000,,,0,0
5.0,main_dual,antmaze,alpha_E,950000,,,0,0
5.0,main_dual,antmaze,alpha_E,975000,,,0,0
5.0,main_dual,antmaze,alpha_E,1000000,,,0,0
5.0,main_dual,antmaze,alpha_B,0,,,0,0
5.0,main_dual,antmaze,alpha_B,25000,,,0,0
5.0,main_dual,antmaze,alpha_B,50000,,,0,0
5.0,main_dual,antmaze,alpha_B,75000,,,0,0
5.0,main_dual,antmaze,alpha_B,100000,,,0,0
5.0,main_dual,antmaze,alpha_B,125000,,,0,0
5.0,main_dual,antmaze,alpha_B,150000,,,0,0
5.0,main_dual,antmaze,alpha_B,175000,,,0,0
5.0,main_dual,antmaze,alpha_B,200000,,,0,0
5.0,main_dual,antmaze,alpha_B,225000,,,0,0
5.0,main_dual,antmaze,alpha_B,250000,,,0,0
5.0,main_dual,antmaze,alpha_B,275000,,,0,0
5.0,main_dual,antmaze,alpha_B,300000,,,0,0
5.0,main_dual,antmaze,alpha_B,325000,,,0,0
5.0,main_dual,antmaze,alpha_B,350000,,,0,0
5.0,main_dual,antmaze,alpha_B,375000,,,0,0
5.0,main_dual,antmaze,alpha_B,400000,,,0,0
5.0,main_dual,antmaze,alpha_B,425000,,,0,0
5.0,main_dual,antmaze,alpha_B,450000,,,0,0
5.0,main_dual,antmaze,alpha_B,475000,,,0,0
5.0,main_dual,antmaze,alpha_B,500000,,,0,0
5.0,main_dual,antmaze,alpha_B,525000,,,0,0
5.0,main_dual,antmaze,alpha_B,550000,,,0,0
5.0,main_dual,antmaze,alpha_B,575000,,,0,0
5.0,main_dual,antmaze,alpha_B,600000,,,0,0
5.0,main_dual,antmaze,alpha_B,625000,,,0,0
5.0,main_dual,antmaze,alpha_B,650000,,,0,0
5.0,main_dual,antmaze,alpha_B,675000,,,0,0
5.0,main_dual,antmaze,alpha_B,700000,,,0,0
5.0,main_dual,antmaze,alpha_B,725000,,,0,0
5.0,main_dual,antmaze,alpha_B,750000,,,0,0
5.0,main_dual,antmaze,alpha_B,775000,,,0,0
5.0,main_dual,antmaze,alpha_B,800000,,,0,0
5.0,main_dual,antmaze,alpha_B,825000,,,0,0
5.0,main_dual,antmaze,alpha_B,850000,,,0,0
5.0,main_dual,antmaze,alpha_B,875000,,,0,0
5.0,main_dual,antmaze,alpha_B,900000,,,0,0
5.0,main_dual,antmaze,alpha_B,925000,,,0,0
5.0,main_dual,antmaze,alpha_B,950000,,,0,0
5.0,main_dual,antmaze,alpha_B,975000,,,0,0
5.0,main_dual,antmaze,alpha_B,1000000,,,0,0
5.0,dual_le_fixed_b,all,alpha_E,0,5.0,0.0,15,60
5.0,dual_le_fixed_b,all,alpha_E,25000,5.926875352859497,0.6690364933764231,15,60
5.0,dual_le_fixed_b,all,alpha_E,50000,6.62184964021047,1.139687972706305,15,60
5.0,dual_le_fixed_b,all,alpha_E,75000,7.261337463061015,1.4965701700463587,15,60
5.0,dual_le_fixed_b,all,alpha_E,100000,7.9068897326787315,1.860315117145289,15,60
5.0,dual_le_fixed_b,all,alpha_E,125000,8.598092182477314,2.2755295375427225,15,60
5.0,dual_le_fixed_b,all,alpha_E,150000,9.269632490475972,2.6799797275222472,15,60
5.0,dual_le_fixed_b,all,alpha_E,175000,9.898209102948506,3.0529762393119606,15,60
5.0,dual_le_fixed_b,all,alpha_E,200000,10.481926806767781,3.3993595630665037,15,60
5.0,dual_le_fixed_b,all,alpha_E,225000,11.014531326293945,3.7171371936116335,15,60
5.0,dual_le_fixed_b,all,alpha_E,250000,11.50150061448415,4.013416009788009,15,60
5.0,dual_le_fixed_b,all,alpha_E,275000,11.927963717778523,4.276200312432559,15,60
5.0,dual_le_fixed_b,all,alpha_E,300000,12.316924230257671,4.5147460306239084,15,60
5.0,dual_le_fixed_b,all,alpha_E,325000,12.668643085161845,4.73126255834981,15,60
5.0,dual_le_fixed_b,all,alpha_E,350000,12.972806453704834,4.921344772533919,15,60
5.0,dual_le_fixed_b,all,alpha_E,375000,13.247927832603455,5.093925455429222,15,60
5.0,dual_le_fixed_b,all,alpha_E,400000,13.494968231519064,5.247321326412045,15,60
5.0,dual_le_fixed_b,all,alpha_E,425000,13.716242202123006,5.384786056964208,15,60
5.0,dual_le_fixed_b,all,alpha_E,450000,13.915508460998534,5.5091163354849115,15,60
5.0,dual_le_fixed_b,all,alpha_E,475000,14.09380547205607,5.620113771591677,15,60
5.0,dual_le_fixed_b,all,alpha_E,500000,14.252459621429443,5.719821869814682,15,60
5.0,dual_le_fixed_b,all,alpha_E,525000,14.393579737345378,5.808383502565524,15,60
5.0,dual_le_fixed_b,all,alpha_E,550000,14.51941061814626,5.886751326967267,15,60
5.0,dual_le_fixed_b,all,alpha_E,575000,14.631052509943645,5.957210910833602,15,60
5.0,dual_le_fixed_b,all,alpha_E,600000,14.73095494111379,6.01973653544809,15,60
5.0,dual_le_fixed_b,all,alpha_E,625000,14.820559287071228,6.07604172429611,15,60
5.0,dual_le_fixed_b,all,alpha_E,650000,14.900133148829143,6.1260042078051296,15,60
5.0,dual_le_fixed_b,all,alpha_E,675000,14.971344860394796,6.170469494532623,15,60
5.0,dual_le_fixed_b,all,alpha_E,700000,15.034210952123006,6.2103365514940645,15,60
5.0,dual_le_fixed_b,all,alpha_E,725000,15.090910800298055,6.2458610221693975,15,60
5.0,dual_le_fixed_b,all,alpha_E,750000,15.14124300479889,6.277371768046071,15,60
5.0,dual_le_fixed_b,all,alpha_E,775000,15.186203440030416,6.305709449682262,15,60
5.0,dual_le_fixed_b,all,alpha_E,800000,15.225917847951253,6.3306874123339005,15,60
5.0,dual_le_fixed_b,all,alpha_E,825000,15.261503012975057,6.353097263556196,15,60
5.0,dual_le_fixed_b,all,alpha_E,850000,15.293178407351176,6.372964588217959,15,60
5.0,dual_le_fixed_b,all,alpha_E,875000,15.321613470713297,6.390830832304514,15,60
5.0,dual_le_fixed_b,all,alpha_E,900000,15.346749369303385,6.406788469157087,15,60
5.0,dual_le_fixed_b,all,alpha_E,925000,15.36916093826294,6.420855847602593,15,60
5.0,dual_le_fixed_b,all,alpha_E,950000,15.389219371477763,6.433488689920432,15,60
5.0,dual_le_fixed_b,all,alpha_E,975000,15.407117859522502,6.444733023737989,15,60
5.0,dual_le_fixed_b,all,alpha_E,1000000,15.423106861114501,6.454796767225732,15,60
5.0,dual_le_fixed_b,all,alpha_B,0,5.0,0.0,15,60
5.0,dual_le_fixed_b,all,alpha_B,25000,5.0,0.0,15,60
5.0,dual_le_fixed_b,all,alpha_B,50000,5.0,0.0,15,60
5.0,dual_le_fixed_b,all,alpha_B,75000,5.0,0.0,15,60
5.0,dual_le_fixed_b,all,alpha_B,100000,5.0,0.0,15,60
5.0,dual_le_fixed_b,all,alpha_B,125000,5.0,0.0,15,60
5.0,dual_le_fixed_b,all,alpha_B,150000,5.0,0.0,15,60
5.0,dual_le_fixed_b,all,alpha_B,175000,5.0,0.0,15,60
5.0,dual_le_fixed_b,all,alpha_B,200000,5.0,0.0,15,60
5.0,dual_le_fixed_b,all,alpha_B,225000,5.0,0.0,15,60
5.0,dual_le_fixed_b,all,alpha_B,250000,5.0,0.0,15,60
5.0,dual_le_fixed_b,all,alpha_B,275000,5.0,0.0,15,60
5.0,dual_le_fixed_b,all,alpha_B,300000,5.0,0.0,15,60
5.0,dual_le_fixed_b,all,alpha_B,325000,5.0,0.0,15,60
5.0,dual_le_fixed_b,all,alpha_B,350000,5.0,0.0,15,60
5.0,dual_le_fixed_b,all,alpha_B,375000,5.0,0.0,15,60
5.0,dual_le_fixed_b,all,alpha_B,400000,5.0,0.0,15,60
5.0,dual_le_fixed_b,all,alpha_B,425000,5.0,0.0,15,60
5.0,dual_le_fixed_b,all,alpha_B,450000,5.0,0.0,15,60
5.0,dual_le_fixed_b,all,alpha_B,475000,5.0,0.0,15,60
5.0,dual_le_fixed_b,all,alpha_B,500000,5.0,0.0,15,60
5.0,dual_le_fixed_b,all,alpha_B,525000,5.0,0.0,15,60
5.0,dual_le_fixed_b,all,alpha_B,550000,5.0,0.0,15,60
5.0,dual_le_fixed_b,all,alpha_B,575000,5.0,0.0,15,60
5.0,dual_le_fixed_b,all,alpha_B,600000,5.0,0.0,15,60
5.0,dual_le_fixed_b,all,alpha_B,625000,5.0,0.0,15,60
5.0,dual_le_fixed_b,all,alpha_B,650000,5.0,0.0,15,60
5.0,dual_le_fixed_b,all,alpha_B,675000,5.0,0.0,15,60
5.0,dual_le_fixed_b,all,alpha_B,700000,5.0,0.0,15,60
5.0,dual_le_fixed_b,all,alpha_B,725000,5.0,0.0,15,60
5.0,dual_le_fixed_b,all,alpha_B,750000,5.0,0.0,15,60
5.0,dual_le_fixed_b,all,alpha_B,775000,5.0,0.0,15,60
5.0,dual_le_fixed_b,all,alpha_B,800000,5.0,0.0,15,60
5.0,dual_le_fixed_b,all,alpha_B,825000,5.0,0.0,15,60
5.0,dual_le_fixed_b,all,alpha_B,850000,5.0,0.0,15,60
5.0,dual_le_fixed_b,all,alpha_B,875000,5.0,0.0,15,60
5.0,dual_le_fixed_b,all,alpha_B,900000,5.0,0.0,15,60
5.0,dual_le_fixed_b,all,alpha_B,925000,5.0,0.0,15,60
5.0,dual_le_fixed_b,all,alpha_B,950000,5.0,0.0,15,60
5.0,dual_le_fixed_b,all,alpha_B,975000,5.0,0.0,15,60
5.0,dual_le_fixed_b,all,alpha_B,1000000,5.0,0.0,15,60
5.0,dual_le_fixed_b,locomotion,alpha_E,0,5.0,0.0,9,36
5.0,dual_le_fixed_b,locomotion,alpha_E,25000,6.403135259946187,0.4218453015904356,9,36
5.0,dual_le_fixed_b,locomotion,alpha_E,50000,7.421094722217983,0.7530258442567442,9,36
5.0,dual_le_fixed_b,locomotion,alpha_E,75000,8.335274232758415,0.9210104544343944,9,36
5.0,dual_le_fixed_b,locomotion,alpha_E,100000,9.272738946808708,1.0498826147588485,9,36
5.0,dual_le_fixed_b,locomotion,alpha_E,125000,10.296829409069485,1.1889948323271744,9,36
5.0,dual_le_fixed_b,locomotion,alpha_E,150000,11.305384635925293,1.2677952212195265,9,36
5.0,dual_le_fixed_b,locomotion,alpha_E,175000,12.251691076490614,1.2976523296823232,9,36
5.0,dual_le_fixed_b,locomotion,alpha_E,200000,13.13375457127889,1.2942617403125236,9,36
5.0,dual_le_fixed_b,locomotion,alpha_E,225000,13.938554286956787,1.2844833013494623,9,36
5.0,dual_le_fixed_b,locomotion,alpha_E,250000,14.677998648749458,1.271344872841618,9,36
5.0,dual_le_fixed_b,locomotion,alpha_E,275000,15.322613742616442,1.2896001163446715,9,36
5.0,dual_le_fixed_b,locomotion,alpha_E,300000,15.912282546361288,1.2847525932866026,9,36
5.0,dual_le_fixed_b,locomotion,alpha_E,325000,16.44565815395779,1.2802402857894024,9,36
5.0,dual_le_fixed_b,locomotion,alpha_E,350000,16.90700912475586,1.2907853266332912,9,36
5.0,dual_le_fixed_b,locomotion,alpha_E,375000,17.324671083026463,1.300669317753811,9,36
5.0,dual_le_fixed_b,locomotion,alpha_E,400000,17.698754866917927,1.3059745577855706,9,36
5.0,dual_le_fixed_b,locomotion,alpha_E,425000,18.03410996331109,1.3080565078464181,9,36
5.0,dual_le_fixed_b,locomotion,alpha_E,450000,18.33659177356296,1.308923541513182,9,36
5.0,dual_le_fixed_b,locomotion,alpha_E,475000,18.607064459058975,1.3089545139950842,9,36
5.0,dual_le_fixed_b,locomotion,alpha_E,500000,18.848560015360516,1.3080583023825791,9,36
5.0,dual_le_fixed_b,locomotion,alpha_E,525000,19.06284300486247,1.310653848171848,9,36
5.0,dual_le_fixed_b,locomotion,alpha_E,550000,19.253566847907173,1.3114050823189225,9,36
5.0,dual_le_fixed_b,locomotion,alpha_E,575000,19.423288928137886,1.314249066391517,9,36
5.0,dual_le_fixed_b,locomotion,alpha_E,600000,19.574851089053684,1.315612567199498,9,36
5.0,dual_le_fixed_b,locomotion,alpha_E,625000,19.71094380484687,1.3170321279414106,9,36
5.0,dual_le_fixed_b,locomotion,alpha_E,650000,19.831805176205105,1.317864386293429,9,36
5.0,dual_le_fixed_b,locomotion,alpha_E,675000,19.939733293321396,1.3188284817900084,9,36
5.0,dual_le_fixed_b,locomotion,alpha_E,700000,20.035423384772407,1.320499158413303,9,36
5.0,dual_le_fixed_b,locomotion,alpha_E,725000,20.12156195110745,1.3201808513289892,9,36
5.0,dual_le_fixed_b,locomotion,alpha_E,750000,20.197906070285374,1.3208317537051575,9,36
5.0,dual_le_fixed_b,locomotion,alpha_E,775000,20.26624610688951,1.3214997103100397,9,36
5.0,dual_le_fixed_b,locomotion,alpha_E,800000,20.326550642649334,1.3222453325852837,9,36
5.0,dual_le_fixed_b,locomotion,alpha_E,825000,20.38063531451755,1.3226409652517204,9,36
5.0,dual_le_fixed_b,locomotion,alpha_E,850000,20.42869716220432,1.3231203448553073,9,36
5.0,dual_le_fixed_b,locomotion,alpha_E,875000,20.471879217359756,1.3234374576287926,9,36
5.0,dual_le_fixed_b,locomotion,alpha_E,900000,20.510158114963108,1.3239785787398513,9,36
5.0,dual_le_fixed_b,locomotion,alpha_E,925000,20.5441640747918,1.3243855664586213,9,36
5.0,dual_le_fixed_b,locomotion,alpha_E,950000,20.574659824371338,1.3244940650316808,9,36
5.0,dual_le_fixed_b,locomotion,alpha_E,975000,20.60184473461575,1.3246243339094055,9,36
5.0,dual_le_fixed_b,locomotion,alpha_E,1000000,20.626149230533176,1.3246978414236372,9,36
5.0,dual_le_fixed_b,locomotion,alpha_B,0,5.0,0.0,9,36
5.0,dual_le_fixed_b,locomotion,alpha_B,25000,5.0,0.0,9,36
5.0,dual_le_fixed_b,locomotion,alpha_B,50000,5.0,0.0,9,36
5.0,dual_le_fixed_b,locomotion,alpha_B,75000,5.0,0.0,9,36
5.0,dual_le_fixed_b,locomotion,alpha_B,100000,5.0,0.0,9,36
5.0,dual_le_fixed_b,locomotion,alpha_B,125000,5.0,0.0,9,36
5.0,dual_le_fixed_b,locomotion,alpha_B,150000,5.0,0.0,9,36
5.0,dual_le_fixed_b,locomotion,alpha_B,175000,5.0,0.0,9,36
5.0,dual_le_fixed_b,locomotion,alpha_B,200000,5.0,0.0,9,36
5.0,dual_le_fixed_b,locomotion,alpha_B,225000,5.0,0.0,9,36
5.0,dual_le_fixed_b,locomotion,alpha_B,250000,5.0,0.0,9,36
5.0,dual_le_fixed_b,locomotion,alpha_B,275000,5.0,0.0,9,36
5.0,dual_le_fixed_b,locomotion,alpha_B,300000,5.0,0.0,9,36
5.0,dual_le_fixed_b,locomotion,alpha_B,325000,5.0,0.0,9,36
5.0,dual_le_fixed_b,locomotion,alpha_B,350000,5.0,0.0,9,36
5.0,dual_le_fixed_b,locomotion,alpha_B,375000,5.0,0.0,9,36
5.0,dual_le_fixed_b,locomotion,alpha_B,400000,5.0,0.0,9,36
5.0,dual_le_fixed_b,locomotion,alpha_B,425000,5.0,0.0,9,36
5.0,dual_le_fixed_b,locomotion,alpha_B,450000,5.0,0.0,9,36
5.0,dual_le_fixed_b,locomotion,alpha_B,475000,5.0,0.0,9,36
5.0,dual_le_fixed_b,locomotion,alpha_B,500000,5.0,0.0,9,36
5.0,dual_le_fixed_b,locomotion,alpha_B,525000,5.0,0.0,9,36
5.0,dual_le_fixed_b,locomotion,alpha_B,550000,5.0,0.0,9,36
5.0,dual_le_fixed_b,locomotion,alpha_B,575000,5.0,0.0,9,36
5.0,dual_le_fixed_b,locomotion,alpha_B,600000,5.0,0.0,9,36
5.0,dual_le_fixed_b,locomotion,alpha_B,625000,5.0,0.0,9,36
5.0,dual_le_fixed_b,locomotion,alpha_B,650000,5.0,0.0,9,36
5.0,dual_le_fixed_b,locomotion,alpha_B,675000,5.0,0.0,9,36
5.0,dual_le_fixed_b,locomotion,alpha_B,700000,5.0,0.0,9,36
5.0,dual_le_fixed_b,locomotion,alpha_B,725000,5.0,0.0,9,36
5.0,dual_le_fixed_b,locomotion,alpha_B,750000,5.0,0.0,9,36
5.0,dual_le_fixed_b,locomotion,alpha_B,775000,5.0,0.0,9,36
5.0,dual_le_fixed_b,locomotion,alpha_B,800000,5.0,0.0,9,36
5.0,dual_le_fixed_b,locomotion,alpha_B,825000,5.0,0.0,9,36
5.0,dual_le_fixed_b,locomotion,alpha_B,850000,5.0,0.0,9,36
5.0,dual_le_fixed_b,locomotion,alpha_B,875000,5.0,0.0,9,36
5.0,dual_le_fixed_b,locomotion,alpha_B,900000,5.0,0.0,9,36
5.0,dual_le_fixed_b,locomotion,alpha_B,925000,5.0,0.0,9,36
5.0,dual_le_fixed_b,locomotion,alpha_B,950000,5.0,0.0,9,36
5.0,dual_le_fixed_b,locomotion,alpha_B,975000,5.0,0.0,9,36
5.0,dual_le_fixed_b,locomotion,alpha_B,1000000,5.0,0.0,9,36
5.0,dual_le_fixed_b,antmaze,alpha_E,0,5.0,0.0,6,24
5.0,dual_le_fixed_b,antmaze,alpha_E,25000,5.212485492229462,0.038810621540081934,6,24
5.0,dual_le_fixed_b,antmaze,alpha_E,50000,5.422982017199199,0.03430999090865426,6,24
5.0,dual_le_fixed_b,antmaze,alpha_E,75000,5.650432308514913,0.04346957568183686,6,24
5.0,dual_le_fixed_b,antmaze,alpha_E,100000,5.858115911483765,0.05253852411201488,6,24
5.0,dual_le_fixed_b,antmaze,alpha_E,125000,6.049986342589061,0.055839097724506175,6,24
5.0,dual_le_fixed_b,antmaze,alpha_E,150000,6.2160042723019915,0.0607928780719997,6,24
5.0,dual_le_fixed_b,antmaze,alpha_E,175000,6.3679861426353455,0.07083214107921837,6,24
5.0,dual_le_fixed_b,antmaze,alpha_E,200000,6.504185160001119,0.07569063022653792,6,24
5.0,dual_le_fixed_b,antmaze,alpha_E,225000,6.628496885299683,0.07591267249884887,6,24
5.0,dual_le_fixed_b,antmaze,alpha_E,250000,6.736753563086192,0.07917944280668782,6,24
5.0,dual_le_fixed_b,antmaze,alpha_E,275000,6.835988680521647,0.08023168489580734,6,24
5.0,dual_le_fixed_b,antmaze,alpha_E,300000,6.923886756102244,0.08179324081469251,6,24
5.0,dual_le_fixed_b,antmaze,alpha_E,325000,7.003120481967926,0.08173184141510773,6,24
5.0,dual_le_fixed_b,antmaze,alpha_E,350000,7.071502447128296,0.08706792058949377,6,24
5.0,dual_le_fixed_b,antmaze,alpha_E,375000,7.132812956968944,0.09053792268686489,6,24
5.0,dual_le_fixed_b,antmaze,alpha_E,400000,7.189288278420766,0.0909156385279261,6,24
5.0,dual_le_fixed_b,antmaze,alpha_E,425000,7.239440560340881,0.0913889761327151,6,24
5.0,dual_le_fixed_b,antmaze,alpha_E,450000,7.2838834921518965,0.09257173484380797,6,24
5.0,dual_le_fixed_b,antmaze,alpha_E,475000,7.323916991551717,0.09221751685359725,6,24
5.0,dual_le_fixed_b,antmaze,alpha_E,500000,7.358309030532837,0.09412840048451171,6,24
5.0,dual_le_fixed_b,antmaze,alpha_E,525000,7.389684836069743,0.09488960641436761,6,24
5.0,dual_le_fixed_b,antmaze,alpha_E,550000,7.418176273504893,0.0951104609869423,6,24
5.0,dual_le_fixed_b,antmaze,alpha_E,575000,7.442697882652283,0.09639293604276435,6,24
5.0,dual_le_fixed_b,antmaze,alpha_E,600000,7.465110719203949,0.09658237396402505,6,24
5.0,dual_le_fixed_b,antmaze,alpha_E,625000,7.484982510407765,0.09679568972555945,6,24
5.0,dual_le_fixed_b,antmaze,alpha_E,650000,7.502625107765198,0.09726447509246722,6,24
5.0,dual_le_fixed_b,antmaze,alpha_E,675000,7.518762211004893,0.097252425047789,6,24
5.0,dual_le_fixed_b,antmaze,alpha_E,700000,7.532392303148906,0.09824168757003203,6,24
5.0,dual_le_fixed_b,antmaze,alpha_E,725000,7.544934074083964,0.09844945931406533,6,24
5.0,dual_le_fixed_b,antmaze,alpha_E,750000,7.556248406569163,0.09844242634143367,6,24
5.0,dual_le_fixed_b,antmaze,alpha_E,775000,7.566139439741771,0.09879938687994197,6,24
5.0,dual_le_fixed_b,antmaze,alpha_E,800000,7.574968655904134,0.09900910857652258,6,24
5.0,dual_le_fixed_b,antmaze,alpha_E,825000,7.582804560661316,0.09929860754809935,6,24
5.0,dual_le_fixed_b,antmaze,alpha_E,850000,7.589900275071462,0.09949688846294386,6,24
5.0,dual_le_fixed_b,antmaze,alpha_E,875000,7.596214850743611,0.0996344940439083,6,24
5.0,dual_le_fixed_b,antmaze,alpha_E,900000,7.601636250813802,0.1000263741976551,6,24
5.0,dual_le_fixed_b,antmaze,alpha_E,925000,7.6066562334696455,0.10006677621354404,6,24
5.0,dual_le_fixed_b,antmaze,alpha_E,950000,7.611058692137401,0.10021190789960716,6,24
5.0,dual_le_fixed_b,antmaze,alpha_E,975000,7.615027546882629,0.10031215584290158,6,24
5.0,dual_le_fixed_b,antmaze,alpha_E,1000000,7.618543306986491,0.10039716872818931,6,24
5.0,dual_le_fixed_b,antmaze,alpha_B,0,5.0,0.0,6,24
5.0,dual_le_fixed_b,antmaze,alpha_B,25000,5.0,0.0,6,24
5.0,dual_le_fixed_b,antmaze,alpha_B,50000,5.0,0.0,6,24
5.0,dual_le_fixed_b,antmaze,alpha_B,75000,5.0,0.0,6,24
5.0,dual_le_fixed_b,antmaze,alpha_B,100000,5.0,0.0,6,24
5.0,dual_le_fixed_b,antmaze,alpha_B,125000,5.0,0.0,6,24
5.0,dual_le_fixed_b,antmaze,alpha_B,150000,5.0,0.0,6,24
5.0,dual_le_fixed_b,antmaze,alpha_B,175000,5.0,0.0,6,24
5.0,dual_le_fixed_b,antmaze,alpha_B,200000,5.0,0.0,6,24
5.0,dual_le_fixed_b,antmaze,alpha_B,225000,5.0,0.0,6,24
5.0,dual_le_fixed_b,antmaze,alpha_B,250000,5.0,0.0,6,24
5.0,dual_le_fixed_b,antmaze,alpha_B,275000,5.0,0.0,6,24
5.0,dual_le_fixed_b,antmaze,alpha_B,300000,5.0,0.0,6,24
5.0,dual_le_fixed_b,antmaze,alpha_B,325000,5.0,0.0,6,24
5.0,dual_le_fixed_b,antmaze,alpha_B,350000,5.0,0.0,6,24
5.0,dual_le_fixed_b,antmaze,alpha_B,375000,5.0,0.0,6,24
5.0,dual_le_fixed_b,antmaze,alpha_B,400000,5.0,0.0,6,24
5.0,dual_le_fixed_b,antmaze,alpha_B,425000,5.0,0.0,6,24
5.0,dual_le_fixed_b,antmaze,alpha_B,450000,5.0,0.0,6,24
5.0,dual_le_fixed_b,antmaze,alpha_B,475000,5.0,0.0,6,24
5.0,dual_le_fixed_b,antmaze,alpha_B,500000,5.0,0.0,6,24
5.0,dual_le_fixed_b,antmaze,alpha_B,525000,5.0,0.0,6,24
5.0,dual_le_fixed_b,antmaze,alpha_B,550000,5.0,0.0,6,24
5.0,dual_le_fixed_b,antmaze,alpha_B,575000,5.0,0.0,6,24
5.0,dual_le_fixed_b,antmaze,alpha_B,600000,5.0,0.0,6,24
5.0,dual_le_fixed_b,antmaze,alpha_B,625000,5.0,0.0,6,24
5.0,dual_le_fixed_b,antmaze,alpha_B,650000,5.0,0.0,6,24
5.0,dual_le_fixed_b,antmaze,alpha_B,675000,5.0,0.0,6,24
5.0,dual_le_fixed_b,antmaze,alpha_B,700000,5.0,0.0,6,24
5.0,dual_le_fixed_b,antmaze,alpha_B,725000,5.0,0.0,6,24
5.0,dual_le_fixed_b,antmaze,alpha_B,750000,5.0,0.0,6,24
5.0,dual_le_fixed_b,antmaze,alpha_B,775000,5.0,0.0,6,24
5.0,dual_le_fixed_b,antmaze,alpha_B,800000,5.0,0.0,6,24
5.0,dual_le_fixed_b,antmaze,alpha_B,825000,5.0,0.0,6,24
5.0,dual_le_fixed_b,antmaze,alpha_B,850000,5.0,0.0,6,24
5.0,dual_le_fixed_b,antmaze,alpha_B,875000,5.0,0.0,6,24
5.0,dual_le_fixed_b,antmaze,alpha_B,900000,5.0,0.0,6,24
5.0,dual_le_fixed_b,antmaze,alpha_B,925000,5.0,0.0,6,24
5.0,dual_le_fixed_b,antmaze,alpha_B,950000,5.0,0.0,6,24
5.0,dual_le_fixed_b,antmaze,alpha_B,975000,5.0,0.0,6,24
5.0,dual_le_fixed_b,antmaze,alpha_B,1000000,5.0,0.0,6,24
