method,initial,meta_lr,env,seed,score,step,aggregate,episodes,selected,candidate_runs,branch,backend,run_id,code_commit,log_commit,rel_path,source_path,eval_file,eval_line,score_field,evaluated_at
iql_amo,1,0.002,halfcheetah-medium-v2,0,43.66496962359053,1000000,True,50,True,1,svcho,jax,hcm_s0_beta1__513f09fe,1e34514ddf70bfc8a78757d9a78b82306627164c,9b82004d4d2038c38f57c63bbc90be1b80504624,ablation/iql_amo/halfcheetah-medium-v2/2e-3/seed_0/hcm_s0_beta1__513f09fe,/home/svcho/amo/results/iql_amo_lel2_seeds03/jobs/b1_hc-m_r2e3_s0/run,final_eval_50.json,1,normalized_score,2026-09-20T19:11:09.416873+00:00
iql_amo,1,0.001,halfcheetah-medium-v2,0,43.493238511822604,1000000,True,50,True,1,svcho,jax,hcm_s0_beta1_rlr0p001__dcf3a2d9,1e34514ddf70bfc8a78757d9a78b82306627164c,9b82004d4d2038c38f57c63bbc90be1b80504624,ablation/iql_amo/halfcheetah-medium-v2/1e-3/seed_0/hcm_s0_beta1_rlr0p001__dcf3a2d9,/home/svcho/amo/results/iql_amo_lel2_seeds03/jobs/b1_hc-m_r1e3_s0/run,final_eval_50.json,1,normalized_score,2026-09-20T18:47:15.385126+00:00
iql_amo,1,0.0003,halfcheetah-medium-v2,0,42.82021617319027,1000000,True,50,True,1,svcho,jax,hcm_s0_beta1_rlr0p0003__2b27ef52,1e34514ddf70bfc8a78757d9a78b82306627164c,9b82004d4d2038c38f57c63bbc90be1b80504624,ablation/iql_amo/halfcheetah-medium-v2/3e-4/seed_0/hcm_s0_beta1_rlr0p0003__2b27ef52,/home/svcho/amo/results/iql_amo_lel2_seeds03/jobs/b1_hc-m_r3e4_s0/run,final_eval_50.json,1,normalized_score,2026-09-20T18:23:21.757434+00:00
iql_amo,1,0.002,halfcheetah-medium-replay-v2,0,35.37398767511331,1000000,True,50,True,1,svcho,jax,hcmr_s0_beta1__3f103bbc,1e34514ddf70bfc8a78757d9a78b82306627164c,9b82004d4d2038c38f57c63bbc90be1b80504624,ablation/iql_amo/halfcheetah-medium-replay-v2/2e-3/seed_0/hcmr_s0_beta1__3f103bbc,/home/svcho/amo/results/iql_amo_lel2_seeds03/jobs/b1_hc-mr_r2e3_s0/run,final_eval_50.json,1,normalized_score,2026-09-20T20:23:18.314903+00:00
iql_amo,1,0.001,halfcheetah-medium-replay-v2,0,39.139016736293506,1000000,True,50,True,1,svcho,jax,hcmr_s0_beta1_rlr0p001__9bf804ca,1e34514ddf70bfc8a78757d9a78b82306627164c,9b82004d4d2038c38f57c63bbc90be1b80504624,ablation/iql_amo/halfcheetah-medium-replay-v2/1e-3/seed_0/hcmr_s0_beta1_rlr0p001__9bf804ca,/home/svcho/amo/results/iql_amo_lel2_seeds03/jobs/b1_hc-mr_r1e3_s0/run,final_eval_50.json,1,normalized_score,2026-09-20T19:59:21.780481+00:00
iql_amo,1,0.0003,halfcheetah-medium-replay-v2,0,40.59946499756484,1000000,True,50,True,1,svcho,jax,hcmr_s0_beta1_rlr0p0003__1e58e369,1e34514ddf70bfc8a78757d9a78b82306627164c,9b82004d4d2038c38f57c63bbc90be1b80504624,ablation/iql_amo/halfcheetah-medium-replay-v2/3e-4/seed_0/hcmr_s0_beta1_rlr0p0003__1e58e369,/home/svcho/amo/results/iql_amo_lel2_seeds03/jobs/b1_hc-mr_r3e4_s0/run,final_eval_50.json,1,normalized_score,2026-09-20T19:35:25.664556+00:00
iql_amo,1,0.002,halfcheetah-medium-expert-v2,0,66.77117676421635,1000000,True,50,True,1,svcho,jax,hme_s0_beta1__93411d3a,1e34514ddf70bfc8a78757d9a78b82306627164c,9b82004d4d2038c38f57c63bbc90be1b80504624,ablation/iql_amo/halfcheetah-medium-expert-v2/2e-3/seed_0/hme_s0_beta1__93411d3a,/home/svcho/amo/results/iql_amo_lel2_seeds03/jobs/b1_hc-me_r2e3_s0/run,final_eval_50.json,1,normalized_score,2026-09-20T21:35:54.999716+00:00
iql_amo,1,0.001,halfcheetah-medium-expert-v2,0,82.75838740099447,1000000,True,50,True,1,svcho,jax,hme_s0_beta1_rlr0p001__d86669e9,1e34514ddf70bfc8a78757d9a78b82306627164c,9b82004d4d2038c38f57c63bbc90be1b80504624,ablation/iql_amo/halfcheetah-medium-expert-v2/1e-3/seed_0/hme_s0_beta1_rlr0p001__d86669e9,/home/svcho/amo/results/iql_amo_lel2_seeds03/jobs/b1_hc-me_r1e3_s0/run,final_eval_50.json,1,normalized_score,2026-09-20T21:11:55.344656+00:00
iql_amo,1,0.0003,halfcheetah-medium-expert-v2,0,87.13463137059867,1000000,True,50,True,1,svcho,jax,hme_s0_beta1_rlr0p0003__62ff513d,1e34514ddf70bfc8a78757d9a78b82306627164c,9b82004d4d2038c38f57c63bbc90be1b80504624,ablation/iql_amo/halfcheetah-medium-expert-v2/3e-4/seed_0/hme_s0_beta1_rlr0p0003__62ff513d,/home/svcho/amo/results/iql_amo_lel2_seeds03/jobs/b1_hc-me_r3e4_s0/run,final_eval_50.json,1,normalized_score,2026-09-20T20:47:36.213001+00:00
iql_amo,1,0.002,hopper-medium-v2,0,54.93626922434712,1000000,True,50,True,1,svcho,jax,hopm_s0_beta1__05373d51,1e34514ddf70bfc8a78757d9a78b82306627164c,9b82004d4d2038c38f57c63bbc90be1b80504624,ablation/iql_amo/hopper-medium-v2/2e-3/seed_0/hopm_s0_beta1__05373d51,/home/svcho/amo/results/iql_amo_lel2_seeds03/jobs/b1_h-m_r2e3_s0/run,final_eval_50.json,1,normalized_score,2026-09-20T04:39:46.709293+00:00
iql_amo,1,0.002,hopper-medium-v2,1,62.22665441556497,1000000,True,50,True,1,svcho,jax,hopm_s1_beta1__ff8c9e5b,1e34514ddf70bfc8a78757d9a78b82306627164c,9b82004d4d2038c38f57c63bbc90be1b80504624,ablation/iql_amo/hopper-medium-v2/2e-3/seed_1/hopm_s1_beta1__ff8c9e5b,/home/svcho/amo/results/iql_amo_lel2_seeds03/jobs/b1_h-m_r2e3_s1/run,final_eval_50.json,1,normalized_score,2026-09-20T22:47:37.176552+00:00
iql_amo,1,0.001,hopper-medium-v2,0,53.09373076201539,1000000,True,50,True,1,svcho,jax,hopm_s0_beta1_rlr0p001__0fd1df03,1e34514ddf70bfc8a78757d9a78b82306627164c,9b82004d4d2038c38f57c63bbc90be1b80504624,ablation/iql_amo/hopper-medium-v2/1e-3/seed_0/hopm_s0_beta1_rlr0p001__0fd1df03,/home/svcho/amo/results/iql_amo_lel2_seeds03/jobs/b1_h-m_r1e3_s0/run,final_eval_50.json,1,normalized_score,2026-09-20T04:15:43.677891+00:00
iql_amo,1,0.001,hopper-medium-v2,1,61.73090586849599,1000000,True,50,True,1,svcho,jax,hopm_s1_beta1_rlr0p001__d131af40,1e34514ddf70bfc8a78757d9a78b82306627164c,9b82004d4d2038c38f57c63bbc90be1b80504624,ablation/iql_amo/hopper-medium-v2/1e-3/seed_1/hopm_s1_beta1_rlr0p001__d131af40,/home/svcho/amo/results/iql_amo_lel2_seeds03/jobs/b1_h-m_r1e3_s1/run,final_eval_50.json,1,normalized_score,2026-09-20T22:23:35.013861+00:00
iql_amo,1,0.0003,hopper-medium-v2,0,68.21316837623573,1000000,True,50,True,1,svcho,jax,hopm_s0_beta1_rlr0p0003__77be9fd4,1e34514ddf70bfc8a78757d9a78b82306627164c,9b82004d4d2038c38f57c63bbc90be1b80504624,ablation/iql_amo/hopper-medium-v2/3e-4/seed_0/hopm_s0_beta1_rlr0p0003__77be9fd4,/home/svcho/amo/results/iql_amo_lel2_seeds03/jobs/b1_h-m_r3e4_s0/run,final_eval_50.json,1,normalized_score,2026-09-20T03:52:02.402813+00:00
iql_amo,1,0.0003,hopper-medium-v2,1,65.89868119338729,1000000,True,50,True,1,svcho,jax,hopm_s1_beta1_rlr0p0003__f54fbadb,1e34514ddf70bfc8a78757d9a78b82306627164c,9b82004d4d2038c38f57c63bbc90be1b80504624,ablation/iql_amo/hopper-medium-v2/3e-4/seed_1/hopm_s1_beta1_rlr0p0003__f54fbadb,/home/svcho/amo/results/iql_amo_lel2_seeds03/jobs/b1_h-m_r3e4_s1/run,final_eval_50.json,1,normalized_score,2026-09-20T21:59:34.035125+00:00
iql_amo,1,0.002,hopper-medium-replay-v2,0,46.97970858997964,1000000,True,50,True,1,svcho,jax,hopmr_s0_beta1__f3dd2b83,1e34514ddf70bfc8a78757d9a78b82306627164c,9b82004d4d2038c38f57c63bbc90be1b80504624,ablation/iql_amo/hopper-medium-replay-v2/2e-3/seed_0/hopmr_s0_beta1__f3dd2b83,/home/svcho/amo/results/iql_amo_lel2_seeds03/jobs/b1_h-mr_r2e3_s0/run,final_eval_50.json,1,normalized_score,2026-09-20T05:51:40.708406+00:00
iql_amo,1,0.002,hopper-medium-replay-v2,1,38.77316411886608,1000000,True,50,True,1,svcho,jax,hopmr_s1_beta1__b2c7876e,1e34514ddf70bfc8a78757d9a78b82306627164c,9b82004d4d2038c38f57c63bbc90be1b80504624,ablation/iql_amo/hopper-medium-replay-v2/2e-3/seed_1/hopmr_s1_beta1__b2c7876e,/home/svcho/amo/results/iql_amo_lel2_seeds03/jobs/b1_h-mr_r2e3_s1/run,final_eval_50.json,1,normalized_score,2026-09-20T23:59:27.147287+00:00
iql_amo,1,0.001,hopper-medium-replay-v2,0,43.5113406805998,1000000,True,50,True,1,svcho,jax,hopmr_s0_beta1_rlr0p001__7e412f89,1e34514ddf70bfc8a78757d9a78b82306627164c,9b82004d4d2038c38f57c63bbc90be1b80504624,ablation/iql_amo/hopper-medium-replay-v2/1e-3/seed_0/hopmr_s0_beta1_rlr0p001__7e412f89,/home/svcho/amo/results/iql_amo_lel2_seeds03/jobs/b1_h-mr_r1e3_s0/run,final_eval_50.json,1,normalized_score,2026-09-20T05:27:34.663509+00:00
iql_amo,1,0.001,hopper-medium-replay-v2,1,41.46359388948093,1000000,True,50,True,1,svcho,jax,hopmr_s1_beta1_rlr0p001__e8918963,1e34514ddf70bfc8a78757d9a78b82306627164c,9b82004d4d2038c38f57c63bbc90be1b80504624,ablation/iql_amo/hopper-medium-replay-v2/1e-3/seed_1/hopmr_s1_beta1_rlr0p001__e8918963,/home/svcho/amo/results/iql_amo_lel2_seeds03/jobs/b1_h-mr_r1e3_s1/run,final_eval_50.json,1,normalized_score,2026-09-20T23:35:22.063064+00:00
iql_amo,1,0.0003,hopper-medium-replay-v2,0,37.79808192005657,1000000,True,50,True,1,svcho,jax,hopmr_s0_beta1_rlr0p0003__032bff4a,1e34514ddf70bfc8a78757d9a78b82306627164c,9b82004d4d2038c38f57c63bbc90be1b80504624,ablation/iql_amo/hopper-medium-replay-v2/3e-4/seed_0/hopmr_s0_beta1_rlr0p0003__032bff4a,/home/svcho/amo/results/iql_amo_lel2_seeds03/jobs/b1_h-mr_r3e4_s0/run,final_eval_50.json,1,normalized_score,2026-09-20T05:03:29.599991+00:00
iql_amo,1,0.0003,hopper-medium-replay-v2,1,44.148905031361345,1000000,True,50,True,1,svcho,jax,hopmr_s1_beta1_rlr0p0003__f4ee5d59,1e34514ddf70bfc8a78757d9a78b82306627164c,9b82004d4d2038c38f57c63bbc90be1b80504624,ablation/iql_amo/hopper-medium-replay-v2/3e-4/seed_1/hopmr_s1_beta1_rlr0p0003__f4ee5d59,/home/svcho/amo/results/iql_amo_lel2_seeds03/jobs/b1_h-mr_r3e4_s1/run,final_eval_50.json,1,normalized_score,2026-09-20T23:11:38.898741+00:00
iql_amo,1,0.002,hopper-medium-expert-v2,0,53.01458319678971,1000000,True,50,True,1,svcho,jax,hopme_s0_beta1__ff27ed67,1e34514ddf70bfc8a78757d9a78b82306627164c,9b82004d4d2038c38f57c63bbc90be1b80504624,ablation/iql_amo/hopper-medium-expert-v2/2e-3/seed_0/hopme_s0_beta1__ff27ed67,/home/svcho/amo/results/iql_amo_lel2_seeds03/jobs/b1_h-me_r2e3_s0/run,final_eval_50.json,1,normalized_score,2026-09-20T07:04:23.390593+00:00
iql_amo,1,0.002,hopper-medium-expert-v2,1,64.42321683397229,1000000,True,50,True,1,svcho,jax,hopme_s1_beta1__af0e5e99,1e34514ddf70bfc8a78757d9a78b82306627164c,9b82004d4d2038c38f57c63bbc90be1b80504624,ablation/iql_amo/hopper-medium-expert-v2/2e-3/seed_1/hopme_s1_beta1__af0e5e99,/home/svcho/amo/results/iql_amo_lel2_seeds03/jobs/b1_h-me_r2e3_s1/run,final_eval_50.json,1,normalized_score,2026-09-21T01:11:48.562350+00:00
iql_amo,1,0.001,hopper-medium-expert-v2,0,56.15339890970921,1000000,True,50,True,1,svcho,jax,hopme_s0_beta1_rlr0p001__18a1fa20,1e34514ddf70bfc8a78757d9a78b82306627164c,9b82004d4d2038c38f57c63bbc90be1b80504624,ablation/iql_amo/hopper-medium-expert-v2/1e-3/seed_0/hopme_s0_beta1_rlr0p001__18a1fa20,/home/svcho/amo/results/iql_amo_lel2_seeds03/jobs/b1_h-me_r1e3_s0/run,final_eval_50.json,1,normalized_score,2026-09-20T06:40:15.389446+00:00
iql_amo,1,0.001,hopper-medium-expert-v2,1,70.42801610955503,1000000,True,50,True,1,svcho,jax,hopme_s1_beta1_rlr0p001__f0cb248f,1e34514ddf70bfc8a78757d9a78b82306627164c,9b82004d4d2038c38f57c63bbc90be1b80504624,ablation/iql_amo/hopper-medium-expert-v2/1e-3/seed_1/hopme_s1_beta1_rlr0p001__f0cb248f,/home/svcho/amo/results/iql_amo_lel2_seeds03/jobs/b1_h-me_r1e3_s1/run,final_eval_50.json,1,normalized_score,2026-09-21T00:48:01.861458+00:00
iql_amo,1,0.0003,hopper-medium-expert-v2,0,99.28491116716769,1000000,True,50,True,1,svcho,jax,hopme_s0_beta1_rlr0p0003__47810a4a,1e34514ddf70bfc8a78757d9a78b82306627164c,9b82004d4d2038c38f57c63bbc90be1b80504624,ablation/iql_amo/hopper-medium-expert-v2/3e-4/seed_0/hopme_s0_beta1_rlr0p0003__47810a4a,/home/svcho/amo/results/iql_amo_lel2_seeds03/jobs/b1_h-me_r3e4_s0/run,final_eval_50.json,1,normalized_score,2026-09-20T06:16:09.507510+00:00
iql_amo,1,0.0003,hopper-medium-expert-v2,1,111.32186117519535,1000000,True,50,True,1,svcho,jax,hopme_s1_beta1_rlr0p0003__8604e90d,1e34514ddf70bfc8a78757d9a78b82306627164c,9b82004d4d2038c38f57c63bbc90be1b80504624,ablation/iql_amo/hopper-medium-expert-v2/3e-4/seed_1/hopme_s1_beta1_rlr0p0003__8604e90d,/home/svcho/amo/results/iql_amo_lel2_seeds03/jobs/b1_h-me_r3e4_s1/run,final_eval_50.json,1,normalized_score,2026-09-21T00:23:35.915691+00:00
iql_amo,1,0.002,walker2d-medium-v2,0,73.34238453042006,1000000,True,50,True,1,svcho,jax,wm_s0_beta1__63847c7b,1e34514ddf70bfc8a78757d9a78b82306627164c,9b82004d4d2038c38f57c63bbc90be1b80504624,ablation/iql_amo/walker2d-medium-v2/2e-3/seed_0/wm_s0_beta1__63847c7b,/home/svcho/amo/results/iql_amo_lel2_seeds03/jobs/b1_w-m_r2e3_s0/run,final_eval_50.json,1,normalized_score,2026-09-20T08:16:56.978133+00:00
iql_amo,1,0.001,walker2d-medium-v2,0,70.89099402897212,1000000,True,50,True,1,svcho,jax,wm_s0_beta1_rlr0p001__3de165d4,1e34514ddf70bfc8a78757d9a78b82306627164c,9b82004d4d2038c38f57c63bbc90be1b80504624,ablation/iql_amo/walker2d-medium-v2/1e-3/seed_0/wm_s0_beta1_rlr0p001__3de165d4,/home/svcho/amo/results/iql_amo_lel2_seeds03/jobs/b1_w-m_r1e3_s0/run,final_eval_50.json,1,normalized_score,2026-09-20T07:52:45.267596+00:00
iql_amo,1,0.0003,walker2d-medium-v2,0,82.1049715445322,1000000,True,50,True,1,svcho,jax,wm_s0_beta1_rlr0p0003__3bf7ea36,1e34514ddf70bfc8a78757d9a78b82306627164c,9b82004d4d2038c38f57c63bbc90be1b80504624,ablation/iql_amo/walker2d-medium-v2/3e-4/seed_0/wm_s0_beta1_rlr0p0003__3bf7ea36,/home/svcho/amo/results/iql_amo_lel2_seeds03/jobs/b1_w-m_r3e4_s0/run,final_eval_50.json,1,normalized_score,2026-09-20T07:28:35.753346+00:00
iql_amo,1,0.0003,walker2d-medium-v2,1,,,False,,True,1,svcho,jax,wm_s1_beta1_rlr0p0003__d48777b9,1e34514ddf70bfc8a78757d9a78b82306627164c,9b82004d4d2038c38f57c63bbc90be1b80504624,ablation/iql_amo/walker2d-medium-v2/3e-4/seed_1/wm_s1_beta1_rlr0p0003__d48777b9,/home/svcho/amo/results/iql_amo_lel2_seeds03/jobs/b1_w-m_r3e4_s1/run,,,,
iql_amo,1,0.002,walker2d-medium-replay-v2,0,27.981062615576587,1000000,True,50,True,1,svcho,jax,wmr_s0_beta1__bd961829,1e34514ddf70bfc8a78757d9a78b82306627164c,9b82004d4d2038c38f57c63bbc90be1b80504624,ablation/iql_amo/walker2d-medium-replay-v2/2e-3/seed_0/wmr_s0_beta1__bd961829,/home/svcho/amo/results/iql_amo_lel2_seeds03/jobs/b1_w-mr_r2e3_s0/run,final_eval_50.json,1,normalized_score,2026-09-20T09:29:34.033266+00:00
iql_amo,1,0.001,walker2d-medium-replay-v2,0,21.092282667175123,1000000,True,50,True,1,svcho,jax,wmr_s0_beta1_rlr0p001__5cd1dc57,1e34514ddf70bfc8a78757d9a78b82306627164c,9b82004d4d2038c38f57c63bbc90be1b80504624,ablation/iql_amo/walker2d-medium-replay-v2/1e-3/seed_0/wmr_s0_beta1_rlr0p001__5cd1dc57,/home/svcho/amo/results/iql_amo_lel2_seeds03/jobs/b1_w-mr_r1e3_s0/run,final_eval_50.json,1,normalized_score,2026-09-20T09:05:18.214753+00:00
iql_amo,1,0.0003,walker2d-medium-replay-v2,0,21.17583819612287,1000000,True,50,True,1,svcho,jax,wmr_s0_beta1_rlr0p0003__f8538279,1e34514ddf70bfc8a78757d9a78b82306627164c,9b82004d4d2038c38f57c63bbc90be1b80504624,ablation/iql_amo/walker2d-medium-replay-v2/3e-4/seed_0/wmr_s0_beta1_rlr0p0003__f8538279,/home/svcho/amo/results/iql_amo_lel2_seeds03/jobs/b1_w-mr_r3e4_s0/run,final_eval_50.json,1,normalized_score,2026-09-20T08:41:05.648591+00:00
iql_amo,1,0.002,walker2d-medium-expert-v2,0,108.59275510625625,1000000,True,50,True,1,svcho,jax,wme_s0_beta1__896900f0,1e34514ddf70bfc8a78757d9a78b82306627164c,9b82004d4d2038c38f57c63bbc90be1b80504624,ablation/iql_amo/walker2d-medium-expert-v2/2e-3/seed_0/wme_s0_beta1__896900f0,/home/svcho/amo/results/iql_amo_lel2_seeds03/jobs/b1_w-me_r2e3_s0/run,final_eval_50.json,1,normalized_score,2026-09-20T10:42:03.656892+00:00
iql_amo,1,0.001,walker2d-medium-expert-v2,0,108.55243042531202,1000000,True,50,True,1,svcho,jax,wme_s0_beta1_rlr0p001__77f53bb0,1e34514ddf70bfc8a78757d9a78b82306627164c,9b82004d4d2038c38f57c63bbc90be1b80504624,ablation/iql_amo/walker2d-medium-expert-v2/1e-3/seed_0/wme_s0_beta1_rlr0p001__77f53bb0,/home/svcho/amo/results/iql_amo_lel2_seeds03/jobs/b1_w-me_r1e3_s0/run,final_eval_50.json,1,normalized_score,2026-09-20T10:17:46.523517+00:00
iql_amo,1,0.0003,walker2d-medium-expert-v2,0,108.66269465446258,1000000,True,50,True,1,svcho,jax,wme_s0_beta1_rlr0p0003__cc6c09a7,1e34514ddf70bfc8a78757d9a78b82306627164c,9b82004d4d2038c38f57c63bbc90be1b80504624,ablation/iql_amo/walker2d-medium-expert-v2/3e-4/seed_0/wme_s0_beta1_rlr0p0003__cc6c09a7,/home/svcho/amo/results/iql_amo_lel2_seeds03/jobs/b1_w-me_r3e4_s0/run,final_eval_50.json,1,normalized_score,2026-09-20T09:53:50.869210+00:00
iql_amo,1,0.002,antmaze-umaze-v2,0,76.0,1000000,True,50,True,1,svcho,jax,amu_s0_beta1__d0f2f968,1e34514ddf70bfc8a78757d9a78b82306627164c,9b82004d4d2038c38f57c63bbc90be1b80504624,ablation/iql_amo/antmaze-umaze-v2/2e-3/seed_0/amu_s0_beta1__d0f2f968,/home/svcho/amo/results/iql_amo_lel2_seeds03/jobs/b1_am-u_r2e3_s0/run,final_eval_50.json,1,normalized_score,2026-09-20T11:55:17.753452+00:00
iql_amo,1,0.001,antmaze-umaze-v2,0,66.0,1000000,True,50,True,1,svcho,jax,amu_s0_beta1_rlr0p001__f3e9f58c,1e34514ddf70bfc8a78757d9a78b82306627164c,9b82004d4d2038c38f57c63bbc90be1b80504624,ablation/iql_amo/antmaze-umaze-v2/1e-3/seed_0/amu_s0_beta1_rlr0p001__f3e9f58c,/home/svcho/amo/results/iql_amo_lel2_seeds03/jobs/b1_am-u_r1e3_s0/run,final_eval_50.json,1,normalized_score,2026-09-20T11:30:38.345832+00:00
iql_amo,1,0.0003,antmaze-umaze-v2,0,74.0,1000000,True,50,True,1,svcho,jax,amu_s0_beta1_rlr0p0003__a388fa36,1e34514ddf70bfc8a78757d9a78b82306627164c,9b82004d4d2038c38f57c63bbc90be1b80504624,ablation/iql_amo/antmaze-umaze-v2/3e-4/seed_0/amu_s0_beta1_rlr0p0003__a388fa36,/home/svcho/amo/results/iql_amo_lel2_seeds03/jobs/b1_am-u_r3e4_s0/run,final_eval_50.json,1,normalized_score,2026-09-20T11:06:19.883869+00:00
iql_amo,1,0.002,antmaze-umaze-diverse-v2,0,32.0,1000000,True,50,True,1,svcho,jax,amud_s0_beta1__08681e97,1e34514ddf70bfc8a78757d9a78b82306627164c,9b82004d4d2038c38f57c63bbc90be1b80504624,ablation/iql_amo/antmaze-umaze-diverse-v2/2e-3/seed_0/amud_s0_beta1__08681e97,/home/svcho/amo/results/iql_amo_lel2_seeds03/jobs/b1_am-ud_r2e3_s0/run,final_eval_50.json,1,normalized_score,2026-09-20T13:08:03.366072+00:00
iql_amo,1,0.001,antmaze-umaze-diverse-v2,0,50.0,1000000,True,50,True,1,svcho,jax,amud_s0_beta1_rlr0p001__69367842,1e34514ddf70bfc8a78757d9a78b82306627164c,9b82004d4d2038c38f57c63bbc90be1b80504624,ablation/iql_amo/antmaze-umaze-diverse-v2/1e-3/seed_0/amud_s0_beta1_rlr0p001__69367842,/home/svcho/amo/results/iql_amo_lel2_seeds03/jobs/b1_am-ud_r1e3_s0/run,final_eval_50.json,1,normalized_score,2026-09-20T12:43:41.252082+00:00
iql_amo,1,0.0003,antmaze-umaze-diverse-v2,0,42.0,1000000,True,50,True,1,svcho,jax,amud_s0_beta1_rlr0p0003__6c71ff4e,1e34514ddf70bfc8a78757d9a78b82306627164c,9b82004d4d2038c38f57c63bbc90be1b80504624,ablation/iql_amo/antmaze-umaze-diverse-v2/3e-4/seed_0/amud_s0_beta1_rlr0p0003__6c71ff4e,/home/svcho/amo/results/iql_amo_lel2_seeds03/jobs/b1_am-ud_r3e4_s0/run,final_eval_50.json,1,normalized_score,2026-09-20T12:19:40.572557+00:00
iql_amo,1,0.002,antmaze-medium-play-v2,0,0.0,1000000,True,50,True,1,svcho,jax,ammp_s0_beta1__0b2f1366,1e34514ddf70bfc8a78757d9a78b82306627164c,9b82004d4d2038c38f57c63bbc90be1b80504624,ablation/iql_amo/antmaze-medium-play-v2/2e-3/seed_0/ammp_s0_beta1__0b2f1366,/home/svcho/amo/results/iql_amo_lel2_seeds03/jobs/b1_am-mp_r2e3_s0/run,final_eval_50.json,1,normalized_score,2026-09-20T14:20:44.211485+00:00
iql_amo,1,0.001,antmaze-medium-play-v2,0,0.0,1000000,True,50,True,1,svcho,jax,ammp_s0_beta1_rlr0p001__b3dbf06a,1e34514ddf70bfc8a78757d9a78b82306627164c,9b82004d4d2038c38f57c63bbc90be1b80504624,ablation/iql_amo/antmaze-medium-play-v2/1e-3/seed_0/ammp_s0_beta1_rlr0p001__b3dbf06a,/home/svcho/amo/results/iql_amo_lel2_seeds03/jobs/b1_am-mp_r1e3_s0/run,final_eval_50.json,1,normalized_score,2026-09-20T13:56:40.397267+00:00
iql_amo,1,0.0003,antmaze-medium-play-v2,0,0.0,1000000,True,50,True,1,svcho,jax,ammp_s0_beta1_rlr0p0003__288aa994,1e34514ddf70bfc8a78757d9a78b82306627164c,9b82004d4d2038c38f57c63bbc90be1b80504624,ablation/iql_amo/antmaze-medium-play-v2/3e-4/seed_0/ammp_s0_beta1_rlr0p0003__288aa994,/home/svcho/amo/results/iql_amo_lel2_seeds03/jobs/b1_am-mp_r3e4_s0/run,final_eval_50.json,1,normalized_score,2026-09-20T13:32:15.501083+00:00
iql_amo,1,0.002,antmaze-medium-diverse-v2,0,0.0,1000000,True,50,True,1,svcho,jax,ammd_s0_beta1__8fe45916,1e34514ddf70bfc8a78757d9a78b82306627164c,9b82004d4d2038c38f57c63bbc90be1b80504624,ablation/iql_amo/antmaze-medium-diverse-v2/2e-3/seed_0/ammd_s0_beta1__8fe45916,/home/svcho/amo/results/iql_amo_lel2_seeds03/jobs/b1_am-md_r2e3_s0/run,final_eval_50.json,1,normalized_score,2026-09-20T15:33:21.910128+00:00
iql_amo,1,0.001,antmaze-medium-diverse-v2,0,0.0,1000000,True,50,True,1,svcho,jax,ammd_s0_beta1_rlr0p001__4432ad57,1e34514ddf70bfc8a78757d9a78b82306627164c,9b82004d4d2038c38f57c63bbc90be1b80504624,ablation/iql_amo/antmaze-medium-diverse-v2/1e-3/seed_0/ammd_s0_beta1_rlr0p001__4432ad57,/home/svcho/amo/results/iql_amo_lel2_seeds03/jobs/b1_am-md_r1e3_s0/run,final_eval_50.json,1,normalized_score,2026-09-20T15:08:55.472388+00:00
iql_amo,1,0.0003,antmaze-medium-diverse-v2,0,4.0,1000000,True,50,True,1,svcho,jax,ammd_s0_beta1_rlr0p0003__a1bdf094,1e34514ddf70bfc8a78757d9a78b82306627164c,9b82004d4d2038c38f57c63bbc90be1b80504624,ablation/iql_amo/antmaze-medium-diverse-v2/3e-4/seed_0/ammd_s0_beta1_rlr0p0003__a1bdf094,/home/svcho/amo/results/iql_amo_lel2_seeds03/jobs/b1_am-md_r3e4_s0/run,final_eval_50.json,1,normalized_score,2026-09-20T14:45:09.869075+00:00
iql_amo,1,0.002,antmaze-large-play-v2,0,0.0,1000000,True,50,True,1,svcho,jax,amlp_s0_beta1__2cd69014,1e34514ddf70bfc8a78757d9a78b82306627164c,9b82004d4d2038c38f57c63bbc90be1b80504624,ablation/iql_amo/antmaze-large-play-v2/2e-3/seed_0/amlp_s0_beta1__2cd69014,/home/svcho/amo/results/iql_amo_lel2_seeds03/jobs/b1_am-lp_r2e3_s0/run,final_eval_50.json,1,normalized_score,2026-09-20T16:46:31.722581+00:00
iql_amo,1,0.001,antmaze-large-play-v2,0,0.0,1000000,True,50,True,1,svcho,jax,amlp_s0_beta1_rlr0p001__35556e8b,1e34514ddf70bfc8a78757d9a78b82306627164c,9b82004d4d2038c38f57c63bbc90be1b80504624,ablation/iql_amo/antmaze-large-play-v2/1e-3/seed_0/amlp_s0_beta1_rlr0p001__35556e8b,/home/svcho/amo/results/iql_amo_lel2_seeds03/jobs/b1_am-lp_r1e3_s0/run,final_eval_50.json,1,normalized_score,2026-09-20T16:22:21.811306+00:00
iql_amo,1,0.0003,antmaze-large-play-v2,0,0.0,1000000,True,50,True,1,svcho,jax,amlp_s0_beta1_rlr0p0003__632d740e,1e34514ddf70bfc8a78757d9a78b82306627164c,9b82004d4d2038c38f57c63bbc90be1b80504624,ablation/iql_amo/antmaze-large-play-v2/3e-4/seed_0/amlp_s0_beta1_rlr0p0003__632d740e,/home/svcho/amo/results/iql_amo_lel2_seeds03/jobs/b1_am-lp_r3e4_s0/run,final_eval_50.json,1,normalized_score,2026-09-20T15:57:32.904633+00:00
iql_amo,1,0.002,antmaze-large-diverse-v2,0,0.0,1000000,True,50,True,1,svcho,jax,amld_s0_beta1__bf35e96d,1e34514ddf70bfc8a78757d9a78b82306627164c,9b82004d4d2038c38f57c63bbc90be1b80504624,ablation/iql_amo/antmaze-large-diverse-v2/2e-3/seed_0/amld_s0_beta1__bf35e96d,/home/svcho/amo/results/iql_amo_lel2_seeds03/jobs/b1_am-ld_r2e3_s0/run,final_eval_50.json,1,normalized_score,2026-09-20T17:59:45.219915+00:00
iql_amo,1,0.001,antmaze-large-diverse-v2,0,0.0,1000000,True,50,True,1,svcho,jax,amld_s0_beta1_rlr0p001__192f9975,1e34514ddf70bfc8a78757d9a78b82306627164c,9b82004d4d2038c38f57c63bbc90be1b80504624,ablation/iql_amo/antmaze-large-diverse-v2/1e-3/seed_0/amld_s0_beta1_rlr0p001__192f9975,/home/svcho/amo/results/iql_amo_lel2_seeds03/jobs/b1_am-ld_r1e3_s0/run,final_eval_50.json,1,normalized_score,2026-09-20T17:35:12.937386+00:00
iql_amo,1,0.0003,antmaze-large-diverse-v2,0,0.0,1000000,True,50,True,1,svcho,jax,amld_s0_beta1_rlr0p0003__9f6332c8,1e34514ddf70bfc8a78757d9a78b82306627164c,9b82004d4d2038c38f57c63bbc90be1b80504624,ablation/iql_amo/antmaze-large-diverse-v2/3e-4/seed_0/amld_s0_beta1_rlr0p0003__9f6332c8,/home/svcho/amo/results/iql_amo_lel2_seeds03/jobs/b1_am-ld_r3e4_s0/run,final_eval_50.json,1,normalized_score,2026-09-20T17:11:02.096127+00:00
